Agent,Scenario,FeatureIdx,FeatureName,Partition_MeanAbsSHAP,Kernel_MeanAbsSHAP,Partition_rank,Kernel_rank
DQN,EASY,0,inventory_SKU0,0.00025100164904138936,0.0,348,659
DQN,EASY,1,inventory_SKU1,0.0002510016490413894,0.0,35,650
DQN,EASY,2,inventory_SKU2,0.00025100164904138936,0.0,344,651
DQN,EASY,3,inventory_SKU3,0.0002510016490413894,2.969804856456264e-06,36,319
DQN,EASY,4,inventory_SKU4,0.00025100164904138936,6.50001328961074e-06,343,308
DQN,EASY,5,inventory_SKU5,0.00025100164904138936,0.00022502136765235713,342,153
DQN,EASY,6,inventory_SKU6,0.00025100164904138936,0.0,341,652
DQN,EASY,7,inventory_SKU7,0.00025100164904138936,4.007808841199125e-05,340,230
DQN,EASY,8,inventory_SKU8,0.00025100164904138936,0.00017997043498799753,371,158
DQN,EASY,9,inventory_SKU9,0.00025100164904138936,1.987152468007643e-05,628,263
DQN,EASY,10,inventory_SKU10,0.00025100164904138936,0.0,629,331
DQN,EASY,11,inventory_SKU11,0.00025100164904138936,0.0,596,332
DQN,EASY,12,inventory_SKU12,0.00025100164904138936,1.4965634668059928e-05,355,275
DQN,EASY,13,inventory_SKU13,0.00025100164904138936,0.0,354,333
DQN,EASY,14,inventory_SKU14,0.00025100164904138936,6.131692227298507e-05,353,215
DQN,EASY,15,inventory_SKU15,0.0002510016490413894,0.0,41,334
DQN,EASY,16,inventory_SKU16,0.0002510016490413894,0.0010312041369611464,339,66
DQN,EASY,17,inventory_SKU17,0.0002510016490413894,0.0,40,655
DQN,EASY,18,inventory_SKU18,0.00025100164904138936,7.023474405137184e-06,347,306
DQN,EASY,19,inventory_SKU19,0.0002510016490413893,2.3224706060503622e-05,637,257
DQN,EASY,20,inventory_SKU20,0.0002510016490413894,1.8641009962246597e-05,338,267
DQN,EASY,21,inventory_SKU21,0.0002510016490413894,0.0,337,324
DQN,EASY,22,inventory_SKU22,0.0002510016490413894,5.7981785545300885e-05,336,217
DQN,EASY,23,inventory_SKU23,0.00025100164904138936,0.0,601,325
DQN,EASY,24,inventory_SKU24,0.0002510016490413894,0.00017654060369143168,335,161
DQN,EASY,25,inventory_SKU25,0.00025100164904138936,7.508309022381797e-05,600,204
DQN,EASY,26,inventory_SKU26,0.0002510016490413894,2.8217980884158617e-05,334,250
DQN,EASY,27,inventory_SKU27,0.0002510016490413894,1.2728241018152753e-05,333,280
DQN,EASY,28,inventory_SKU28,0.00025100164904138936,1.9766554876924217e-05,599,264
DQN,EASY,29,inventory_SKU29,0.0002510016490413894,0.0,332,326
DQN,EASY,30,inventory_SKU30,0.0002510016490413894,0.0,331,327
DQN,EASY,31,inventory_SKU31,0.00025100164904138936,6.170192938444192e-05,598,214
DQN,EASY,32,inventory_SKU32,0.00025100164904138936,3.2125801660947926e-05,552,238
DQN,EASY,33,inventory_SKU33,0.0002510016490413894,0.0,55,534
DQN,EASY,34,inventory_SKU34,0.0002510016490413894,0.0,56,535
DQN,EASY,35,inventory_SKU35,0.0002510016490413894,0.0,57,536
DQN,EASY,36,inventory_SKU36,0.0002510016490413894,0.0005033607255710464,314,116
DQN,EASY,37,inventory_SKU37,0.0002510016490413894,0.0,315,537
DQN,EASY,38,inventory_SKU38,0.0002510016490413894,0.0,316,500
DQN,EASY,39,inventory_SKU39,0.0002510016490413894,0.0,317,501
DQN,EASY,40,inventory_SKU40,0.00025100164904138936,0.0009093329133002838,551,71
DQN,EASY,41,inventory_SKU41,0.00025100164904138936,0.0,550,502
DQN,EASY,42,inventory_SKU42,0.00025100164904138936,0.0005350704022749182,627,108
DQN,EASY,43,inventory_SKU43,0.0002510016490413894,0.0,30,503
DQN,EASY,44,inventory_SKU44,0.0002510016490413894,2.9039064460763514e-05,31,248
DQN,EASY,45,inventory_SKU45,0.0002510016490413894,0.0,32,504
DQN,EASY,46,inventory_SKU46,0.0002510016490413894,9.671283137605133e-05,33,197
DQN,EASY,47,inventory_SKU47,0.00025100164904138936,0.0,345,505
DQN,EASY,48,inventory_SKU48,0.00025100164904138936,0.0013334399831296023,558,42
DQN,EASY,49,inventory_SKU49,0.00025100164904138936,6.844373102511928e-06,557,307
DQN,EASY,50,inventory_SKU50,0.0002510016490413894,9.8070359061422e-06,46,291
DQN,EASY,51,inventory_SKU51,0.00025100164904138936,0.0,556,470
DQN,EASY,52,inventory_SKU52,0.0002510016490413894,0.0,47,471
DQN,EASY,53,inventory_SKU53,0.0002510016490413893,4.303807684271176e-05,642,226
DQN,EASY,54,inventory_SKU54,0.0002510016490413894,0.0,48,472
DQN,EASY,55,inventory_SKU55,0.0002510016490413894,0.0006719290432034412,49,96
DQN,EASY,56,inventory_SKU56,0.00025100164904138936,0.0007663328113390621,555,87
DQN,EASY,57,inventory_SKU57,0.0002510016490413894,0.00010655814288670497,50,192
DQN,EASY,58,inventory_SKU58,0.00025100164904138936,0.0,554,443
DQN,EASY,59,inventory_SKU59,0.0002510016490413894,0.0,51,444
DQN,EASY,60,inventory_SKU60,0.00025100164904138936,0.0,553,445
DQN,EASY,61,inventory_SKU61,0.0002510016490413894,0.0,52,446
DQN,EASY,62,inventory_SKU62,0.0002510016490413894,0.00014891772854891126,53,173
DQN,EASY,63,inventory_SKU63,0.0002510016490413894,0.0,54,447
DQN,EASY,64,inventory_SKU64,0.0002510016490413894,0.0,88,437
DQN,EASY,65,inventory_SKU65,0.00025100164904138936,0.0,589,438
DQN,EASY,66,inventory_SKU66,0.00025100164904138936,0.000481037314061893,588,121
DQN,EASY,67,inventory_SKU67,0.0002510016490413894,0.0,89,439
DQN,EASY,68,inventory_SKU68,0.0002510016490413894,0.0,58,440
DQN,EASY,69,inventory_SKU69,0.0002510016490413894,0.0,59,441
DQN,EASY,70,inventory_SKU70,0.00025100164904138936,0.0,587,442
DQN,EASY,71,inventory_SKU71,0.0002510016490413894,0.0004099311471190502,60,132
DQN,EASY,72,inventory_SKU72,0.0002510016490413894,0.0,61,407
DQN,EASY,73,inventory_SKU73,0.00025100164904138936,0.0007717902354463204,586,86
DQN,EASY,74,inventory_SKU74,0.0002510016490413894,0.0,62,408
DQN,EASY,75,inventory_SKU75,0.00025100164904138936,0.0,562,409
DQN,EASY,76,inventory_SKU76,0.0002510016490413893,0.0,643,410
DQN,EASY,77,inventory_SKU77,0.00025100164904138936,0.0,561,411
DQN,EASY,78,inventory_SKU78,0.00025100164904138936,0.0,560,412
DQN,EASY,79,inventory_SKU79,0.00025100164904138936,0.0,559,413
DQN,EASY,80,inventory_SKU80,0.0002510016490413894,0.0014693691816194154,98,34
DQN,EASY,81,inventory_SKU81,0.0002510016490413894,0.0,99,404
DQN,EASY,82,inventory_SKU82,0.00025100164904138936,1.8320075301549495e-05,567,269
DQN,EASY,83,inventory_SKU83,0.0002510016490413894,0.0,100,405
DQN,EASY,84,inventory_SKU84,0.0002510016490413894,0.0,101,406
DQN,EASY,85,inventory_SKU85,0.0002510016490413894,0.00017322572374973066,102,164
DQN,EASY,86,inventory_SKU86,0.0002510016490413894,0.0,103,384
DQN,EASY,87,inventory_SKU87,0.00025100164904138936,6.274690132370812e-05,566,213
DQN,EASY,88,inventory_SKU88,0.0002510016490413894,0.0,104,385
DQN,EASY,89,inventory_SKU89,0.0002510016490413894,3.089828026454719e-05,105,242
DQN,EASY,90,inventory_SKU90,0.0002510016490413894,0.0,74,386
DQN,EASY,91,inventory_SKU91,0.0002510016490413894,0.00013905939858124375,86,177
DQN,EASY,92,inventory_SKU92,0.00025100164904138936,0.0004916011925624216,592,117
DQN,EASY,93,inventory_SKU93,0.0002510016490413894,0.0,87,387
DQN,EASY,94,inventory_SKU94,0.00025100164904138936,0.0,591,388
DQN,EASY,95,inventory_SKU95,0.00025100164904138936,0.0010695641554767414,590,62
DQN,EASY,96,inventory_SKU96,0.0002510016490413894,0.0,90,366
DQN,EASY,97,inventory_SKU97,0.0002510016490413894,0.0,91,367
DQN,EASY,98,inventory_SKU98,0.0002510016490413894,0.0,92,368
DQN,EASY,99,inventory_SKU99,0.0002510016490413894,0.0,93,369
DQN,EASY,100,inventory_SKU100,0.0002510016490413894,4.796826044957396e-05,94,223
DQN,EASY,101,inventory_SKU101,0.00025100164904138936,0.0,573,350
DQN,EASY,102,inventory_SKU102,0.0002510016490413893,0.0003358995006653383,639,141
DQN,EASY,103,inventory_SKU103,0.00025100164904138936,0.0,572,351
DQN,EASY,104,inventory_SKU104,0.0002510016490413894,0.00011249728984813309,95,189
DQN,EASY,105,inventory_SKU105,0.00025100164904138936,0.000410730558306739,571,131
DQN,EASY,106,inventory_SKU106,0.0002510016490413893,0.0002976516320942751,638,146
DQN,EASY,107,inventory_SKU107,0.00025100164904138936,0.0,570,352
DQN,EASY,108,inventory_SKU108,0.00025100164904138936,0.0,569,353
DQN,EASY,109,inventory_SKU109,0.00025100164904138936,0.0005559813617997672,568,105
DQN,EASY,110,inventory_SKU110,0.0002510016490413894,0.0,96,354
DQN,EASY,111,inventory_SKU111,0.0002510016490413894,0.0,97,355
DQN,EASY,112,inventory_SKU112,0.0002510016490413893,0.0,644,373
DQN,EASY,113,inventory_SKU113,0.00025100164904138936,0.0,534,374
DQN,EASY,114,inventory_SKU114,0.00025100164904138936,0.0,533,375
DQN,EASY,115,inventory_SKU115,0.0002510016490413894,0.0008035277680558859,136,82
DQN,EASY,116,inventory_SKU116,0.00025100164904138936,0.0,532,376
DQN,EASY,117,inventory_SKU117,0.0002510016490413894,0.0014112173188083998,137,37
DQN,EASY,118,inventory_SKU118,0.0002510016490413894,0.0,106,377
DQN,EASY,119,inventory_SKU119,0.0002510016490413894,0.0007487943910147488,107,90
DQN,EASY,120,inventory_SKU120,0.0002510016490413894,0.0,108,378
DQN,EASY,121,inventory_SKU121,0.0002510016490413894,0.0,109,379
DQN,EASY,122,inventory_SKU122,0.0002510016490413894,0.0,110,380
DQN,EASY,123,inventory_SKU123,0.00025100164904138936,0.0,575,381
DQN,EASY,124,inventory_SKU124,0.00025100164904138936,0.0,574,382
DQN,EASY,125,inventory_SKU125,0.0002510016490413894,0.0,119,383
DQN,EASY,126,inventory_SKU126,0.0002510016490413894,0.0003976788266248741,120,134
DQN,EASY,127,inventory_SKU127,0.0002510016490413894,0.0,121,393
DQN,EASY,128,inventory_SKU128,0.00025100164904138936,0.00017072404577783506,541,166
DQN,EASY,129,inventory_SKU129,0.0002510016490413894,0.0,127,400
DQN,EASY,130,inventory_SKU130,0.0002510016490413894,5.4554652961039725e-06,128,309
DQN,EASY,131,inventory_SKU131,0.0002510016490413894,1.1992690975699168e-05,129,284
DQN,EASY,132,inventory_SKU132,0.00025100164904138936,0.0,540,420
DQN,EASY,133,inventory_SKU133,0.0002510016490413894,0.0014358197476331367,130,36
DQN,EASY,134,inventory_SKU134,0.0002510016490413894,0.0,131,421
DQN,EASY,135,inventory_SKU135,0.0002510016490413894,0.0,132,422
DQN,EASY,136,inventory_SKU136,0.00025100164904138936,5.801923398859142e-05,539,216
DQN,EASY,137,inventory_SKU137,0.00025100164904138936,0.0,538,423
DQN,EASY,138,inventory_SKU138,0.00025100164904138936,0.0,537,424
DQN,EASY,139,inventory_SKU139,0.00025100164904138936,0.00017562054650748654,536,162
DQN,EASY,140,inventory_SKU140,0.00025100164904138936,0.0005907525323929262,535,102
DQN,EASY,141,inventory_SKU141,0.0002510016490413894,0.0018393275324139944,133,22
DQN,EASY,142,inventory_SKU142,0.0002510016490413894,0.0,134,425
DQN,EASY,143,inventory_SKU143,0.0002510016490413894,8.222396953303217e-06,135,302
DQN,EASY,144,inventory_SKU144,0.00025100164904138936,0.0,522,459
DQN,EASY,145,inventory_SKU145,0.00025100164904138936,0.0,521,460
DQN,EASY,146,inventory_SKU146,0.0002510016490413894,0.0,141,461
DQN,EASY,147,inventory_SKU147,0.00025100164904138936,0.00029549737517120506,520,147
DQN,EASY,148,inventory_SKU148,0.0002510016490413894,0.0,142,462
DQN,EASY,149,inventory_SKU149,0.0002510016490413894,0.0,143,463
DQN,EASY,150,inventory_SKU150,0.00025100164904138936,0.00039078874016673236,519,135
DQN,EASY,151,inventory_SKU151,0.0002510016490413894,0.0,144,464
DQN,EASY,152,inventory_SKU152,0.0002510016490413894,0.0,145,484
DQN,EASY,153,inventory_SKU153,0.0002510016490413894,4.494281438939599e-06,146,313
DQN,EASY,154,inventory_SKU154,0.00025100164904138936,0.0,518,485
DQN,EASY,155,inventory_SKU155,0.00025100164904138936,0.0,543,486
DQN,EASY,156,inventory_SKU156,0.00025100164904138936,0.0,542,487
DQN,EASY,157,inventory_SKU157,0.0002510016490413894,9.846257237636814e-06,124,289
DQN,EASY,158,inventory_SKU158,0.0002510016490413894,7.212726791905197e-05,125,206
DQN,EASY,159,inventory_SKU159,0.0002510016490413894,2.206444834366501e-05,126,259
DQN,EASY,160,inventory_SKU160,0.0002510016490413894,2.7530298788141156e-05,160,251
DQN,EASY,161,inventory_SKU161,0.00025100164904138936,4.4315318654987974e-05,506,225
DQN,EASY,162,inventory_SKU162,0.0002510016490413894,0.0,161,557
DQN,EASY,163,inventory_SKU163,0.00025100164904138936,0.0,505,558
DQN,EASY,164,inventory_SKU164,0.0002510016490413894,0.00024364654574198432,162,152
DQN,EASY,165,inventory_SKU165,0.00025100164904138936,0.0024376955373661044,504,9
DQN,EASY,166,inventory_SKU166,0.00025100164904138936,0.0,503,596
DQN,EASY,167,inventory_SKU167,0.00025100164904138936,0.0,502,597
DQN,EASY,168,inventory_SKU168,0.0002510016490413893,0.0,648,598
DQN,EASY,169,inventory_SKU169,0.00025100164904138936,0.0,501,599
DQN,EASY,170,inventory_SKU170,0.0002510016490413894,0.0006589623585543886,163,97
DQN,EASY,171,inventory_SKU171,0.00025100164904138936,0.0,525,600
DQN,EASY,172,inventory_SKU172,0.0002510016490413894,0.0,140,601
DQN,EASY,173,inventory_SKU173,0.0002510016490413893,0.0,646,602
DQN,EASY,174,inventory_SKU174,0.00025100164904138936,0.0,524,603
DQN,EASY,175,inventory_SKU175,0.00025100164904138936,0.00037719348818474096,523,140
DQN,EASY,176,inventory_SKU176,0.00025100164904138936,3.607914320164465e-06,488,315
DQN,EASY,177,inventory_SKU177,0.0002510016490413894,0.0,174,604
DQN,EASY,178,inventory_SKU178,0.0002510016490413894,0.0,175,605
DQN,EASY,179,inventory_SKU179,0.00025100164904138936,0.0,487,606
DQN,EASY,180,inventory_SKU180,0.00025100164904138936,0.0,486,607
DQN,EASY,181,inventory_SKU181,0.00025100164904138936,2.3344278664357362e-05,485,256
DQN,EASY,182,inventory_SKU182,0.0002510016490413894,1.9604560222300415e-05,176,265
DQN,EASY,183,inventory_SKU183,0.0002510016490413894,0.0001254349296435212,177,184
DQN,EASY,184,inventory_SKU184,0.00025100164904138936,0.0,484,644
DQN,EASY,185,inventory_SKU185,0.0002510016490413894,0.0,178,645
DQN,EASY,186,inventory_SKU186,0.00025100164904138936,0.00041143760379248146,515,130
DQN,EASY,187,inventory_SKU187,0.0002510016490413894,1.1465840333855929e-06,156,323
DQN,EASY,188,inventory_SKU188,0.00025100164904138936,0.0,507,646
DQN,EASY,189,inventory_SKU189,0.0002510016490413894,0.0,157,647
DQN,EASY,190,inventory_SKU190,0.0002510016490413894,0.0,158,648
DQN,EASY,191,inventory_SKU191,0.0002510016490413894,0.0,159,649
DQN,EASY,192,inventory_SKU192,0.00025100164904138936,0.0,470,525
DQN,EASY,193,inventory_SKU193,0.00025100164904138936,0.0,469,526
DQN,EASY,194,inventory_SKU194,0.0002510016490413894,0.0017053170961675473,189,25
DQN,EASY,195,inventory_SKU195,0.00025100164904138936,0.0008932602115435419,468,73
DQN,EASY,196,inventory_SKU196,0.00025100164904138936,0.0,499,527
DQN,EASY,197,inventory_SKU197,0.0002510016490413894,0.0,190,549
DQN,EASY,198,inventory_SKU198,0.0002510016490413894,0.0,191,550
DQN,EASY,199,inventory_SKU199,0.0002510016490413894,3.810839166715574e-05,192,232
DQN,EASY,200,inventory_SKU200,0.0002510016490413894,0.0,193,551
DQN,EASY,201,inventory_SKU201,0.00025100164904138936,0.0,498,552
DQN,EASY,202,inventory_SKU202,0.0002510016490413894,0.0,194,553
DQN,EASY,203,inventory_SKU203,0.00025100164904138936,0.0,491,554
DQN,EASY,204,inventory_SKU204,0.0002510016490413894,0.0,172,555
DQN,EASY,205,inventory_SKU205,0.00025100164904138936,0.00010715486182410524,490,190
DQN,EASY,206,inventory_SKU206,0.00025100164904138936,0.00017026815741236881,489,167
DQN,EASY,207,inventory_SKU207,0.0002510016490413894,0.0,173,556
DQN,EASY,208,inventory_SKU208,0.00025100164904138936,0.00017845405279653362,483,160
DQN,EASY,209,inventory_SKU209,0.0002510016490413894,0.0,202,515
DQN,EASY,210,inventory_SKU210,0.0002510016490413894,0.0,203,516
DQN,EASY,211,inventory_SKU211,0.0002510016490413894,0.0,204,517
DQN,EASY,212,inventory_SKU212,0.0002510016490413894,5.305605134678886e-05,205,218
DQN,EASY,213,inventory_SKU213,0.0002510016490413894,0.0,206,518
DQN,EASY,214,inventory_SKU214,0.00025100164904138936,0.0,482,519
DQN,EASY,215,inventory_SKU215,0.00025100164904138936,0.0,481,520
DQN,EASY,216,inventory_SKU216,0.0002510016490413894,0.0007590106353838954,207,89
DQN,EASY,217,inventory_SKU217,0.00025100164904138936,0.0,480,521
DQN,EASY,218,inventory_SKU218,0.00025100164904138936,0.0,479,522
DQN,EASY,219,inventory_SKU219,0.00025100164904138936,0.0,473,523
DQN,EASY,220,sales_SKU0,0.0002510016490413894,0.0,187,524
DQN,EASY,221,sales_SKU1,0.00025100164904138936,0.001978578508494132,472,18
DQN,EASY,222,sales_SKU2,0.00025100164904138936,0.0026155085216681686,471,7
DQN,EASY,223,sales_SKU3,0.0002510016490413894,0.0006163323317857563,188,100
DQN,EASY,224,sales_SKU4,0.0002510016490413894,0.0,248,488
DQN,EASY,225,sales_SKU5,0.0002510016490413894,7.30082337571828e-05,249,205
DQN,EASY,226,sales_SKU6,0.0002510016490413894,0.00011482825047574208,218,188
DQN,EASY,227,sales_SKU7,0.00025100164904138936,0.0,463,489
DQN,EASY,228,sales_SKU8,0.0002510016490413894,0.0007081836511158843,219,94
DQN,EASY,229,sales_SKU9,0.00025100164904138936,0.0007718704582490249,462,85
DQN,EASY,230,sales_SKU10,0.0002510016490413893,0.0011491587553187905,651,56
DQN,EASY,231,sales_SKU11,0.0002510016490413894,0.0,220,490
DQN,EASY,232,sales_SKU12,0.00025100164904138936,0.0009232359000721258,461,69
DQN,EASY,233,sales_SKU13,0.0002510016490413894,0.0,221,491
DQN,EASY,234,sales_SKU14,0.0002510016490413894,0.0024300230560556635,222,11
DQN,EASY,235,sales_SKU15,0.0002510016490413894,0.001582107314897169,231,29
DQN,EASY,236,sales_SKU16,0.00025100164904138936,2.7491564619860074e-05,453,252
DQN,EASY,237,sales_SKU17,0.00025100164904138936,0.0005334482370013162,452,110
DQN,EASY,238,sales_SKU18,0.0002510016490413894,0.0,232,492
DQN,EASY,239,sales_SKU19,0.0002510016490413894,0.0,233,514
DQN,EASY,240,sales_SKU20,0.00025100164904138936,2.2832629275886683e-05,438,258
DQN,EASY,241,sales_SKU21,0.0008499286246836925,0.0013519635947651797,2,41
DQN,EASY,242,sales_SKU22,0.00025100164904138936,0.001314628591571059,437,44
DQN,EASY,243,sales_SKU23,0.0002510016490413894,0.001219896905962673,240,51
DQN,EASY,244,sales_SKU24,0.0002510016490413894,0.002621220832219944,241,6
DQN,EASY,245,sales_SKU25,0.00025100164904138936,1.4011033464632846e-05,436,277
DQN,EASY,246,sales_SKU26,0.0002510016490413894,0.0,242,455
DQN,EASY,247,sales_SKU27,0.00025100164904138936,0.0011422432834583044,467,57
DQN,EASY,248,sales_SKU28,0.00025100164904138936,0.0,466,456
DQN,EASY,249,sales_SKU29,0.00025100164904138936,0.0020681656748385248,465,16
DQN,EASY,250,sales_SKU30,0.0002510016490413894,6.274955862629032e-05,243,212
DQN,EASY,251,sales_SKU31,0.00025100164904138936,0.00038533472781011175,464,137
DQN,EASY,252,sales_SKU32,0.0002510016490413894,0.0,244,457
DQN,EASY,253,sales_SKU33,0.0002510016490413894,0.0010279884782393855,245,67
DQN,EASY,254,sales_SKU34,0.0002510016490413894,0.0,246,458
DQN,EASY,255,sales_SKU35,0.0002510016490413894,0.0010440166035606431,247,64
DQN,EASY,256,sales_SKU36,0.00025100164904138936,0.002853502241873303,423,5
DQN,EASY,257,sales_SKU37,0.00025100164904138936,3.205917306002424e-05,422,239
DQN,EASY,258,sales_SKU38,0.00025100164904138936,0.00018898769260579737,421,157
DQN,EASY,259,sales_SKU39,0.00025100164904138936,0.0,420,426
DQN,EASY,260,sales_SKU40,0.00025100164904138936,7.131281537346209e-05,451,207
DQN,EASY,261,sales_SKU41,0.00025100164904138936,0.0,450,427
DQN,EASY,262,sales_SKU42,0.00025100164904138936,0.0005125235166141577,449,113
DQN,EASY,263,sales_SKU43,0.0002510016490413894,0.001211944388487961,259,52
DQN,EASY,264,sales_SKU44,0.0002510016490413894,0.0013295945465310866,260,43
DQN,EASY,265,sales_SKU45,0.00025100164904138936,0.0015541854160996016,448,31
DQN,EASY,266,sales_SKU46,0.0002510016490413893,0.0,652,428
DQN,EASY,267,sales_SKU47,0.00025100164904138936,0.0,439,429
DQN,EASY,268,sales_SKU48,0.0002510016490413894,5.0085618307006546e-05,236,220
DQN,EASY,269,sales_SKU49,0.0002510016490413894,0.002194717181680645,237,14
DQN,EASY,270,sales_SKU50,0.0002510016490413894,0.00017462033405294178,238,163
DQN,EASY,271,sales_SKU51,0.0002510016490413894,0.0,239,454
DQN,EASY,272,sales_SKU52,0.00025100164904138936,0.0010730143821860007,415,60
DQN,EASY,273,sales_SKU53,0.0002510016490413894,0.0,270,394
DQN,EASY,274,sales_SKU54,0.00025100164904138936,0.0,414,395
DQN,EASY,275,sales_SKU55,0.00025100164904138936,0.0,413,396
DQN,EASY,276,sales_SKU56,0.0007245272799596618,0.0001981766183652748,4,155
DQN,EASY,277,sales_SKU57,0.0002510016490413894,0.0,271,397
DQN,EASY,278,sales_SKU58,0.00025100164904138936,0.0,412,398
DQN,EASY,279,sales_SKU59,0.0002510016490413894,0.00031700928291502077,272,144
DQN,EASY,280,sales_SKU60,0.0002510016490413894,8.23502244955325e-05,273,201
DQN,EASY,281,sales_SKU61,0.00025100164904138936,0.00088950191101689,411,74
DQN,EASY,282,sales_SKU62,0.00025100164904138936,6.601643723670019e-05,428,211
DQN,EASY,283,sales_SKU63,0.00025100164904138936,6.6458516326199e-05,427,210
DQN,EASY,284,sales_SKU64,0.00025100164904138936,0.00032387829095279554,426,142
DQN,EASY,285,sales_SKU65,0.00025100164904138936,0.0016357630516370234,425,27
DQN,EASY,286,sales_SKU66,0.00025100164904138936,3.292120859007058e-05,424,237
DQN,EASY,287,sales_SKU67,0.0002510016490413894,0.0,258,399
DQN,EASY,288,sales_SKU68,0.0002510016490413894,0.0,285,347
DQN,EASY,289,sales_SKU69,0.00025100164904138936,0.0,378,348
DQN,EASY,290,sales_SKU70,0.00025100164904138936,0.0,377,349
DQN,EASY,291,sales_SKU71,0.0002510016490413894,0.0009705135003180975,286,68
DQN,EASY,292,sales_SKU72,0.0002510016490413894,0.0006538897604368889,287,98
DQN,EASY,293,sales_SKU73,0.00025100164904138936,0.0,376,370
DQN,EASY,294,sales_SKU74,0.0006962314476220079,0.001975007861883251,5,19
DQN,EASY,295,sales_SKU75,0.00025100164904138936,1.0077872070269927e-05,375,288
DQN,EASY,296,sales_SKU76,0.00025100164904138936,0.000859307286681745,418,78
DQN,EASY,297,sales_SKU77,0.0002510016490413894,0.0,267,371
DQN,EASY,298,sales_SKU78,0.0002510016490413894,0.0005112015116848075,268,114
DQN,EASY,299,sales_SKU79,0.0002510016490413894,0.0006723600338176344,269,95
DQN,EASY,300,sales_SKU80,0.0005901323528333277,0.0016275300239658901,9,28
DQN,EASY,301,sales_SKU81,0.0002510016490413893,3.0328846959160342e-05,656,244
DQN,EASY,302,sales_SKU82,0.00025100164904138936,0.0,417,372
DQN,EASY,303,sales_SKU83,0.00025100164904138936,0.00057444654262537,416,104
DQN,EASY,304,sales_SKU84,0.00025100164904138936,0.00014469024575640532,360,175
DQN,EASY,305,sales_SKU85,0.00025100164904138936,0.0,359,342
DQN,EASY,306,sales_SKU86,0.00025100164904138936,0.0007869408048497128,358,83
DQN,EASY,307,sales_SKU87,0.00025100164904138936,0.00014525412086010522,635,174
DQN,EASY,308,sales_SKU88,0.00025100164904138936,0.000378624940110536,356,138
DQN,EASY,309,sales_SKU89,0.0002510016490413894,0.0,302,343
DQN,EASY,310,sales_SKU90,0.0002510016490413894,8.695187301269789e-06,311,300
DQN,EASY,311,sales_SKU91,0.0002510016490413893,0.0,658,344
DQN,EASY,312,sales_SKU92,0.0002510016490413894,0.001241204743810126,312,48
DQN,EASY,313,sales_SKU93,0.0006962314476220079,0.0001634233860066587,6,168
DQN,EASY,314,sales_SKU94,0.0002510016490413894,0.0010688538321996358,313,63
DQN,EASY,315,sales_SKU95,0.0002510016490413894,0.0,282,345
DQN,EASY,316,sales_SKU96,0.0002510016490413894,0.0008230457275318042,283,79
DQN,EASY,317,sales_SKU97,0.00025100164904138936,1.7847611085492372e-05,380,271
DQN,EASY,318,sales_SKU98,0.0002510016490413894,1.145098175642268e-05,284,286
DQN,EASY,319,sales_SKU99,0.00025100164904138936,0.0,379,346
DQN,EASY,320,sales_SKU100,0.0002510016490413894,0.0,24,356
DQN,EASY,321,sales_SKU101,0.00025100164904138936,0.0004827065620219635,367,119
DQN,EASY,322,sales_SKU102,0.0002510016490413894,0.0,25,357
DQN,EASY,323,sales_SKU103,0.0002510016490413894,0.0,298,358
DQN,EASY,324,sales_SKU104,0.00025100164904138936,0.0002667683829701306,366,151
DQN,EASY,325,sales_SKU105,0.0008799404052053021,0.00010324873575714367,1,196
DQN,EASY,326,sales_SKU106,0.0002510016490413894,0.0,299,359
DQN,EASY,327,sales_SKU107,0.00025100164904138936,0.0011201000043811222,365,58
DQN,EASY,328,sales_SKU108,0.00025100164904138936,0.0004558660383506869,364,124
DQN,EASY,329,sales_SKU109,0.0002510016490413894,0.001240427333473738,300,49
DQN,EASY,330,sales_SKU110,0.0002510016490413893,9.58046164118314e-06,660,292
DQN,EASY,331,sales_SKU111,0.00025100164904138936,0.00010573522392938563,363,194
DQN,EASY,332,sales_SKU112,0.0008417919687989089,0.0,3,360
DQN,EASY,333,sales_SKU113,0.00025100164904138936,8.717638239723085e-06,362,299
DQN,EASY,334,sales_SKU114,0.00025100164904138936,0.0,361,340
DQN,EASY,335,sales_SKU115,0.0002510016490413894,0.0,301,341
DQN,EASY,336,sales_SKU116,0.00025100164904138936,0.00014116588901052406,383,176
DQN,EASY,337,sales_SKU117,0.00025100164904138936,0.0,382,361
DQN,EASY,338,sales_SKU118,0.00025100164904138936,0.0001387387500230413,381,178
DQN,EASY,339,sales_SKU119,0.0002510016490413894,0.0001622181868084999,310,169
DQN,EASY,340,sales_SKU120,0.00025100164904138936,0.0011189475668391808,613,59
DQN,EASY,341,sales_SKU121,0.00025100164904138936,0.0012031250386212186,370,53
DQN,EASY,342,sales_SKU122,0.0002510016490413894,0.0,16,362
DQN,EASY,343,sales_SKU123,0.0002510016490413894,4.1073583334194253e-05,17,228
DQN,EASY,344,sales_SKU124,0.00025100164904138936,0.0004455667176475069,369,126
DQN,EASY,345,sales_SKU125,0.00025100164904138936,0.0006349019860331802,368,99
DQN,EASY,346,sales_SKU126,0.0002510016490413894,0.0012782398290401029,18,46
DQN,EASY,347,sales_SKU127,0.0002510016490413894,0.0,19,363
DQN,EASY,348,sales_SKU128,0.0002510016490413894,0.0,20,364
DQN,EASY,349,sales_SKU129,0.0002510016490413894,0.0014881787616510505,21,32
DQN,EASY,350,sales_SKU130,0.0002510016490413894,0.0,22,365
DQN,EASY,351,sales_SKU131,0.0002510016490413894,5.221309067916659e-05,23,219
DQN,EASY,352,sales_SKU132,0.00025100164904138936,8.215565288609912e-05,398,202
DQN,EASY,353,sales_SKU133,0.0002510016490413894,0.0014814161153593555,294,33
DQN,EASY,354,sales_SKU134,0.0002510016490413894,0.0,303,389
DQN,EASY,355,sales_SKU135,0.00025100164904138936,2.9995528118711198e-05,612,246
DQN,EASY,356,sales_SKU136,0.00025100164904138936,2.097484360534866e-05,387,261
DQN,EASY,357,sales_SKU137,0.0002510016490413894,0.0009076188029422942,304,72
DQN,EASY,358,sales_SKU138,0.00025100164904138936,0.00043103884785115627,386,127
DQN,EASY,359,sales_SKU139,0.0002510016490413894,3.104527290560745e-05,305,241
DQN,EASY,360,sales_SKU140,0.0002510016490413894,0.002570034777994596,306,8
DQN,EASY,361,sales_SKU141,0.0006556196258669512,0.0004545362501870227,8,125
DQN,EASY,362,sales_SKU142,0.0002510016490413894,0.0,307,390
DQN,EASY,363,sales_SKU143,0.000673826853935941,0.0003780240706825227,7,139
DQN,EASY,364,sales_SKU144,0.00025100164904138936,0.0,385,391
DQN,EASY,365,sales_SKU145,0.0002510016490413894,0.0,308,392
DQN,EASY,366,sales_SKU146,0.0002510016490413894,0.0018807286545775165,309,21
DQN,EASY,367,sales_SKU147,0.00025100164904138936,2.99492517346558e-05,384,247
DQN,EASY,368,sales_SKU148,0.00025100164904138936,9.80721776244567e-06,388,290
DQN,EASY,369,sales_SKU149,0.00025100164904138936,0.004561822249025029,419,1
DQN,EASY,370,sales_SKU150,0.00025100164904138936,0.00010655383488708725,374,193
DQN,EASY,371,sales_SKU151,0.0002510016490413894,0.00031729263885123905,288,143
DQN,EASY,372,sales_SKU152,0.00025100164904138936,0.0001786127619685516,373,159
DQN,EASY,373,sales_SKU153,0.0002510016490413894,0.0005544322823814469,289,106
DQN,EASY,374,sales_SKU154,0.00025100164904138936,0.0,372,401
DQN,EASY,375,sales_SKU155,0.00025100164904138936,1.7415127812958224e-05,403,272
DQN,EASY,376,sales_SKU156,0.00025100164904138936,0.0002912390499393573,402,148
DQN,EASY,377,sales_SKU157,0.0002510016490413894,0.0,290,402
DQN,EASY,378,sales_SKU158,0.0002510016490413894,0.001228505245517269,291,50
DQN,EASY,379,sales_SKU159,0.00025100164904138936,9.530504201577598e-06,401,294
DQN,EASY,380,sales_SKU160,0.0002510016490413894,0.0,292,403
DQN,EASY,381,sales_SKU161,0.00025100164904138936,0.001446712344133752,400,35
DQN,EASY,382,sales_SKU162,0.00025100164904138936,2.6924775071832716e-05,399,253
DQN,EASY,383,sales_SKU163,0.0002510016490413894,0.0005287908464664401,293,112
DQN,EASY,384,sales_SKU164,0.0002510016490413894,0.0036407456091345665,281,2
DQN,EASY,385,sales_SKU165,0.0002510016490413894,0.0,250,414
DQN,EASY,386,sales_SKU166,0.00025100164904138936,0.00012783454797763837,397,182
DQN,EASY,387,sales_SKU167,0.00025100164904138936,0.0,396,415
DQN,EASY,388,sales_SKU168,0.00025100164904138936,0.0,395,416
DQN,EASY,389,sales_SKU169,0.00025100164904138936,2.6398910852787435e-05,394,254
DQN,EASY,390,sales_SKU170,0.0002510016490413894,0.0004813518900923623,295,120
DQN,EASY,391,sales_SKU171,0.0002510016490413894,0.0,296,417
DQN,EASY,392,sales_SKU172,0.00025100164904138936,2.851749885613708e-05,393,249
DQN,EASY,393,sales_SKU173,0.00025100164904138936,0.0,392,418
DQN,EASY,394,sales_SKU174,0.00025100164904138936,0.002878479957105898,391,4
DQN,EASY,395,sales_SKU175,0.0002510016490413893,0.0,657,419
DQN,EASY,396,sales_SKU176,0.00025100164904138936,0.00010704504558279278,390,191
DQN,EASY,397,sales_SKU177,0.0002510016490413894,0.0013548605039504472,297,40
DQN,EASY,398,sales_SKU178,0.00025100164904138936,0.0023061519106569862,389,13
DQN,EASY,399,sales_SKU179,0.0002510016490413894,3.4108226933047135e-05,266,235
DQN,EASY,400,sales_SKU180,0.00025100164904138936,0.0008111250529408197,430,81
DQN,EASY,401,sales_SKU181,0.00025100164904138936,0.002432234427319347,429,10
DQN,EASY,402,sales_SKU182,0.00025100164904138936,0.0,410,430
DQN,EASY,403,sales_SKU183,0.00025100164904138936,0.0004833302752092469,409,118
DQN,EASY,404,sales_SKU184,0.0002510016490413894,0.0,274,431
DQN,EASY,405,sales_SKU185,0.0002510016490413894,0.0,275,432
DQN,EASY,406,sales_SKU186,0.0002510016490413894,0.000778624766442067,276,84
DQN,EASY,407,sales_SKU187,0.0002510016490413893,0.00019534337435936428,655,156
DQN,EASY,408,sales_SKU188,0.0002510016490413894,9.552098498913438e-06,277,293
DQN,EASY,409,sales_SKU189,0.00025100164904138936,0.0007246491286896031,408,92
DQN,EASY,410,sales_SKU190,0.0002510016490413894,0.00041720327004249525,278,128
DQN,EASY,411,sales_SKU191,0.0002510016490413894,0.0,279,433
DQN,EASY,412,sales_SKU192,0.00025100164904138936,0.0,407,434
DQN,EASY,413,sales_SKU193,0.0002510016490413894,0.0,280,435
DQN,EASY,414,sales_SKU194,0.00025100164904138936,0.0,406,436
DQN,EASY,415,sales_SKU195,0.00025100164904138936,0.00020851395476802377,405,154
DQN,EASY,416,sales_SKU196,0.0002510016490413894,0.0,235,448
DQN,EASY,417,sales_SKU197,0.00025100164904138936,0.000580029117931862,440,103
DQN,EASY,418,sales_SKU198,0.0002510016490413894,0.0,251,449
DQN,EASY,419,sales_SKU199,0.00025100164904138936,0.0021392452347400487,404,15
DQN,EASY,420,sales_SKU200,0.00025100164904138936,0.0008890391026679503,435,75
DQN,EASY,421,sales_SKU201,0.0002510016490413893,0.0,654,450
DQN,EASY,422,sales_SKU202,0.00025100164904138936,0.0,434,451
DQN,EASY,423,sales_SKU203,0.00025100164904138936,0.0007302132240952352,433,91
DQN,EASY,424,sales_SKU204,0.0002510016490413894,0.0010371658634283627,252,65
DQN,EASY,425,sales_SKU205,0.0002510016490413894,0.00039027032730071785,253,136
DQN,EASY,426,sales_SKU206,0.0002510016490413894,9.037514594354347e-05,254,199
DQN,EASY,427,sales_SKU207,0.0002510016490413894,2.0413011372238254e-05,255,262
DQN,EASY,428,sales_SKU208,0.00025100164904138936,0.0,432,452
DQN,EASY,429,sales_SKU209,0.0002510016490413894,0.00012743348279423624,256,183
DQN,EASY,430,sales_SKU210,0.00025100164904138936,0.0,431,453
DQN,EASY,431,sales_SKU211,0.0002510016490413894,0.00047469883369464486,257,122
DQN,EASY,432,sales_SKU212,0.0002510016490413894,0.0030424261111019232,229,3
DQN,EASY,433,sales_SKU213,0.0002510016490413894,4.820529481239877e-06,230,312
DQN,EASY,434,sales_SKU214,0.00025100164904138936,0.00039842892337365796,447,133
DQN,EASY,435,sales_SKU215,0.0002510016490413894,0.00030908522671127737,261,145
DQN,EASY,436,sales_SKU216,0.0002510016490413894,1.5955781545170575e-06,262,321
DQN,EASY,437,sales_SKU217,0.0002510016490413894,0.0,263,465
DQN,EASY,438,sales_SKU218,0.0002510016490413894,0.001070075948716214,264,61
DQN,EASY,439,sales_SKU219,0.0002510016490413893,0.001382894287429358,653,38
DQN,EASY,440,waste_feat_SKU0,0.00025100164904138936,3.548094045024942e-05,446,234
DQN,EASY,441,waste_feat_SKU1,0.0002510016490413894,0.0012951483368125393,265,45
DQN,EASY,442,waste_feat_SKU2,0.00025100164904138936,0.0,445,466
DQN,EASY,443,waste_feat_SKU3,0.0002510016490413894,0.00012875664394087688,234,181
DQN,EASY,444,waste_feat_SKU4,0.00025100164904138936,0.0,444,467
DQN,EASY,445,waste_feat_SKU5,0.00025100164904138936,0.0,443,468
DQN,EASY,446,waste_feat_SKU6,0.00025100164904138936,4.992080244157354e-05,442,221
DQN,EASY,447,waste_feat_SKU7,0.00025100164904138936,0.0,441,469
DQN,EASY,448,waste_feat_SKU8,0.00025100164904138936,0.0,475,473
DQN,EASY,449,waste_feat_SKU9,0.00025100164904138936,0.0,474,474
DQN,EASY,450,waste_feat_SKU10,0.00025100164904138936,0.0,460,475
DQN,EASY,451,waste_feat_SKU11,0.00025100164904138936,0.0005335611268264382,459,109
DQN,EASY,452,waste_feat_SKU12,0.00025100164904138936,0.0,458,476
DQN,EASY,453,waste_feat_SKU13,0.00025100164904138936,0.0,457,477
DQN,EASY,454,waste_feat_SKU14,0.00025100164904138936,0.0,456,478
DQN,EASY,455,waste_feat_SKU15,0.0002510016490413894,0.0001524086183443083,223,172
DQN,EASY,456,waste_feat_SKU16,0.0002510016490413894,0.0,224,479
DQN,EASY,457,waste_feat_SKU17,0.0002510016490413894,0.0,225,480
DQN,EASY,458,waste_feat_SKU18,0.00025100164904138936,0.00010533393448079273,455,195
DQN,EASY,459,waste_feat_SKU19,0.0002510016490413893,0.0,650,481
DQN,EASY,460,waste_feat_SKU20,0.0002510016490413894,0.00016125301844777234,226,170
DQN,EASY,461,waste_feat_SKU21,0.0002510016490413894,1.876972184174287e-05,227,266
DQN,EASY,462,waste_feat_SKU22,0.0002510016490413894,0.0,228,482
DQN,EASY,463,waste_feat_SKU23,0.00025100164904138936,0.0,454,483
DQN,EASY,464,waste_feat_SKU24,0.0002510016490413894,1.5147260850331999e-05,171,274
DQN,EASY,465,waste_feat_SKU25,0.00025100164904138936,0.0,492,496
DQN,EASY,466,waste_feat_SKU26,0.0002510016490413894,0.0011712800460131612,208,55
DQN,EASY,467,waste_feat_SKU27,0.0002510016490413894,0.0,209,497
DQN,EASY,468,waste_feat_SKU28,0.00025100164904138936,4.2201254890953116e-05,478,227
DQN,EASY,469,waste_feat_SKU29,0.0002510016490413894,0.0004728020467560223,210,123
DQN,EASY,470,waste_feat_SKU30,0.0002510016490413894,0.0,211,498
DQN,EASY,471,waste_feat_SKU31,0.00025100164904138936,7.728321584514483e-06,477,304
DQN,EASY,472,waste_feat_SKU32,0.00025100164904138936,0.0,476,499
DQN,EASY,473,waste_feat_SKU33,0.0002510016490413894,3.029772770194883e-05,212,245
DQN,EASY,474,waste_feat_SKU34,0.0002510016490413894,0.0001300512918474439,213,180
DQN,EASY,475,waste_feat_SKU35,0.0002510016490413894,1.4086789317923327e-05,214,276
DQN,EASY,476,waste_feat_SKU36,0.0002510016490413894,0.002056774042942133,215,17
DQN,EASY,477,waste_feat_SKU37,0.0002510016490413894,0.0005391101129980135,216,107
DQN,EASY,478,waste_feat_SKU38,0.0002510016490413894,9.228774917828731e-05,217,198
DQN,EASY,479,waste_feat_SKU39,0.0002510016490413894,2.0748037718425787e-06,186,320
DQN,EASY,480,waste_feat_SKU40,0.00025100164904138936,0.0,509,506
DQN,EASY,481,waste_feat_SKU41,0.00025100164904138936,0.0018313241282685213,508,23
DQN,EASY,482,waste_feat_SKU42,0.00025100164904138936,0.0,497,507
DQN,EASY,483,waste_feat_SKU43,0.0002510016490413894,0.0,195,508
DQN,EASY,484,waste_feat_SKU44,0.0002510016490413894,0.0,196,509
DQN,EASY,485,waste_feat_SKU45,0.0002510016490413894,0.0,197,510
DQN,EASY,486,waste_feat_SKU46,0.0002510016490413894,0.0,198,511
DQN,EASY,487,waste_feat_SKU47,0.00025100164904138936,0.0,496,512
DQN,EASY,488,waste_feat_SKU48,0.00025100164904138936,0.0,495,513
DQN,EASY,489,waste_feat_SKU49,0.00025100164904138936,0.0,494,493
DQN,EASY,490,waste_feat_SKU50,0.0002510016490413894,0.0019140029214131866,199,20
DQN,EASY,491,waste_feat_SKU51,0.00025100164904138936,0.0,493,494
DQN,EASY,492,waste_feat_SKU52,0.0002510016490413894,0.002424639650623485,200,12
DQN,EASY,493,waste_feat_SKU53,0.0002510016490413893,3.668758029638364e-05,649,233
DQN,EASY,494,waste_feat_SKU54,0.0002510016490413894,4.0375867324725636e-05,201,229
DQN,EASY,495,waste_feat_SKU55,0.0002510016490413894,0.0,170,495
DQN,EASY,496,waste_feat_SKU56,0.00025100164904138936,0.0,526,547
DQN,EASY,497,waste_feat_SKU57,0.0002510016490413894,0.0,139,548
DQN,EASY,498,waste_feat_SKU58,0.00025100164904138936,0.00016026697332682143,514,171
DQN,EASY,499,waste_feat_SKU59,0.0002510016490413894,0.0,179,528
DQN,EASY,500,waste_feat_SKU60,0.00025100164904138936,0.0,513,529
DQN,EASY,501,waste_feat_SKU61,0.0002510016490413894,6.829380415765514e-05,180,208
DQN,EASY,502,waste_feat_SKU62,0.0002510016490413894,0.0004160950498829419,181,129
DQN,EASY,503,waste_feat_SKU63,0.0002510016490413894,1.2856369974462132e-05,182,279
DQN,EASY,504,waste_feat_SKU64,0.0002510016490413894,4.709098679506139e-05,183,224
DQN,EASY,505,waste_feat_SKU65,0.00025100164904138936,0.0011768112112965274,512,54
DQN,EASY,506,waste_feat_SKU66,0.00025100164904138936,1.816716632227811e-05,511,270
DQN,EASY,507,waste_feat_SKU67,0.0002510016490413894,0.0,184,530
DQN,EASY,508,waste_feat_SKU68,0.0002510016490413894,0.00011905837778059038,185,186
DQN,EASY,509,waste_feat_SKU69,0.0002510016490413894,0.0,154,531
DQN,EASY,510,waste_feat_SKU70,0.00025100164904138936,0.0,510,532
DQN,EASY,511,waste_feat_SKU71,0.0002510016490413894,0.0,155,533
DQN,EASY,512,waste_feat_SKU72,0.0002510016490413894,0.0,123,569
DQN,EASY,513,waste_feat_SKU73,0.00025100164904138936,0.0,544,570
DQN,EASY,514,waste_feat_SKU74,0.0002510016490413894,0.0,164,538
DQN,EASY,515,waste_feat_SKU75,0.00025100164904138936,0.0013798800842382288,500,39
DQN,EASY,516,waste_feat_SKU76,0.0002510016490413893,0.0,647,539
DQN,EASY,517,waste_feat_SKU77,0.00025100164904138936,0.0,531,540
DQN,EASY,518,waste_feat_SKU78,0.00025100164904138936,0.0,530,541
DQN,EASY,519,waste_feat_SKU79,0.00025100164904138936,0.00011725039932118075,529,187
DQN,EASY,520,waste_feat_SKU80,0.0002510016490413894,1.84345909804462e-05,165,268
DQN,EASY,521,waste_feat_SKU81,0.0002510016490413894,2.1518152995575295e-05,166,260
DQN,EASY,522,waste_feat_SKU82,0.00025100164904138936,0.0,528,542
DQN,EASY,523,waste_feat_SKU83,0.0002510016490413894,0.0,167,543
DQN,EASY,524,waste_feat_SKU84,0.0002510016490413894,7.528239648062188e-05,168,203
DQN,EASY,525,waste_feat_SKU85,0.0002510016490413894,0.0,169,544
DQN,EASY,526,waste_feat_SKU86,0.0002510016490413894,0.0,138,545
DQN,EASY,527,waste_feat_SKU87,0.00025100164904138936,0.0,527,546
DQN,EASY,528,waste_feat_SKU88,0.0002510016490413894,8.671505436630192e-06,117,301
DQN,EASY,529,waste_feat_SKU89,0.0002510016490413894,0.0005066796520064894,118,115
DQN,EASY,530,waste_feat_SKU90,0.0002510016490413894,0.0,147,560
DQN,EASY,531,waste_feat_SKU91,0.0002510016490413894,0.0,148,561
DQN,EASY,532,waste_feat_SKU92,0.00025100164904138936,0.00013838953207345855,517,179
DQN,EASY,533,waste_feat_SKU93,0.0002510016490413894,0.0,149,562
DQN,EASY,534,waste_feat_SKU94,0.00025100164904138936,0.000287931938796164,516,149
DQN,EASY,535,waste_feat_SKU95,0.00025100164904138936,0.0,547,563
DQN,EASY,536,waste_feat_SKU96,0.0002510016490413894,0.0,150,564
DQN,EASY,537,waste_feat_SKU97,0.0002510016490413894,0.0,151,565
DQN,EASY,538,waste_feat_SKU98,0.0002510016490413894,0.00012374418497585005,152,185
DQN,EASY,539,waste_feat_SKU99,0.0002510016490413894,0.0009145487567273319,153,70
DQN,EASY,540,waste_feat_SKU100,0.0002510016490413894,0.0,122,566
DQN,EASY,541,waste_feat_SKU101,0.00025100164904138936,8.958572384658567e-06,546,298
DQN,EASY,542,waste_feat_SKU102,0.0002510016490413893,0.0,645,567
DQN,EASY,543,waste_feat_SKU103,0.00025100164904138936,0.0,545,568
DQN,EASY,544,waste_feat_SKU104,0.0002510016490413894,0.0,85,573
DQN,EASY,545,waste_feat_SKU105,0.00025100164904138936,0.0,593,574
DQN,EASY,546,waste_feat_SKU106,0.0002510016490413893,0.0,641,575
DQN,EASY,547,waste_feat_SKU107,0.00025100164904138936,0.0,549,576
DQN,EASY,548,waste_feat_SKU108,0.00025100164904138936,0.0,548,577
DQN,EASY,549,waste_feat_SKU109,0.00025100164904138936,0.0,579,578
DQN,EASY,550,waste_feat_SKU110,0.0002510016490413894,0.0015572089693941622,111,30
DQN,EASY,551,waste_feat_SKU111,0.0002510016490413894,0.0,112,579
DQN,EASY,552,waste_feat_SKU112,0.0002510016490413893,0.0,640,580
DQN,EASY,553,waste_feat_SKU113,0.00025100164904138936,0.0,578,581
DQN,EASY,554,waste_feat_SKU114,0.00025100164904138936,0.0,577,582
DQN,EASY,555,waste_feat_SKU115,0.0002510016490413894,1.1287279483347647e-05,113,287
DQN,EASY,556,waste_feat_SKU116,0.00025100164904138936,0.0,576,583
DQN,EASY,557,waste_feat_SKU117,0.0002510016490413894,0.0,114,584
DQN,EASY,558,waste_feat_SKU118,0.0002510016490413894,0.0008113707834307983,115,80
DQN,EASY,559,waste_feat_SKU119,0.0002510016490413894,0.0,116,559
DQN,EASY,560,waste_feat_SKU120,0.0002510016490413894,2.579886944053415e-05,70,255
DQN,EASY,561,waste_feat_SKU121,0.0002510016490413894,9.477893675002645e-06,71,296
DQN,EASY,562,waste_feat_SKU122,0.0002510016490413894,0.0,75,589
DQN,EASY,563,waste_feat_SKU123,0.00025100164904138936,0.0016673833941082167,565,26
DQN,EASY,564,waste_feat_SKU124,0.00025100164904138936,0.0,564,590
DQN,EASY,565,waste_feat_SKU125,0.0002510016490413894,0.0,76,591
DQN,EASY,566,waste_feat_SKU126,0.0002510016490413894,0.0,77,592
DQN,EASY,567,waste_feat_SKU127,0.0002510016490413894,3.158306354692636e-05,78,240
DQN,EASY,568,waste_feat_SKU128,0.00025100164904138936,8.696765063637211e-05,595,200
DQN,EASY,569,waste_feat_SKU129,0.0002510016490413894,0.0,79,593
DQN,EASY,570,waste_feat_SKU130,0.0002510016490413894,0.0,80,594
DQN,EASY,571,waste_feat_SKU131,0.0002510016490413894,0.0008714633205205478,81,77
DQN,EASY,572,waste_feat_SKU132,0.00025100164904138936,0.0,594,595
DQN,EASY,573,waste_feat_SKU133,0.0002510016490413894,3.447694103016147e-06,82,318
DQN,EASY,574,waste_feat_SKU134,0.0002510016490413894,0.0,83,571
DQN,EASY,575,waste_feat_SKU135,0.0002510016490413894,0.0,84,572
DQN,EASY,576,waste_feat_SKU136,0.00025100164904138936,0.0,602,612
DQN,EASY,577,waste_feat_SKU137,0.00025100164904138936,0.0,563,613
DQN,EASY,578,waste_feat_SKU138,0.00025100164904138936,3.5423001149078895e-06,585,317
DQN,EASY,579,waste_feat_SKU139,0.00025100164904138936,0.0,584,614
DQN,EASY,580,waste_feat_SKU140,0.00025100164904138936,3.0353806678143438e-05,583,243
DQN,EASY,581,waste_feat_SKU141,0.0002510016490413894,5.245254378113164e-06,63,310
DQN,EASY,582,waste_feat_SKU142,0.0002510016490413894,0.0,64,615
DQN,EASY,583,waste_feat_SKU143,0.0002510016490413894,0.0,65,616
DQN,EASY,584,waste_feat_SKU144,0.00025100164904138936,0.0,582,617
DQN,EASY,585,waste_feat_SKU145,0.00025100164904138936,0.001259205089900652,581,47
DQN,EASY,586,waste_feat_SKU146,0.0002510016490413894,0.0,66,585
DQN,EASY,587,waste_feat_SKU147,0.00025100164904138936,0.0,580,586
DQN,EASY,588,waste_feat_SKU148,0.0002510016490413894,0.0,67,587
DQN,EASY,589,waste_feat_SKU149,0.0002510016490413894,3.359278822022724e-05,68,236
DQN,EASY,590,waste_feat_SKU150,0.00025100164904138936,0.0,611,588
DQN,EASY,591,waste_feat_SKU151,0.0002510016490413894,0.000717706954628425,69,93
DQN,EASY,592,waste_feat_SKU152,0.0002510016490413894,0.0,324,625
DQN,EASY,593,waste_feat_SKU153,0.0002510016490413894,4.837779960316379e-05,325,222
DQN,EASY,594,waste_feat_SKU154,0.00025100164904138936,0.000171260466093971,610,165
DQN,EASY,595,waste_feat_SKU155,0.00025100164904138936,0.0,609,626
DQN,EASY,596,waste_feat_SKU156,0.00025100164904138936,0.0,608,627
DQN,EASY,597,waste_feat_SKU157,0.0002510016490413894,0.0,72,628
DQN,EASY,598,waste_feat_SKU158,0.0002510016490413894,0.0,73,629
DQN,EASY,599,waste_feat_SKU159,0.0002510016490413894,0.0,42,630
DQN,EASY,600,waste_feat_SKU160,0.0002510016490413894,1.229387960549216e-05,43,282
DQN,EASY,601,waste_feat_SKU161,0.00025100164904138936,0.0,607,608
DQN,EASY,602,waste_feat_SKU162,0.0002510016490413894,0.0,44,609
DQN,EASY,603,waste_feat_SKU163,0.00025100164904138936,0.0007627435825876444,606,88
DQN,EASY,604,waste_feat_SKU164,0.0002510016490413894,9.498874767710082e-06,45,295
DQN,EASY,605,waste_feat_SKU165,0.00025100164904138936,0.0,605,610
DQN,EASY,606,waste_feat_SKU166,0.00025100164904138936,9.105599238904594e-06,604,297
DQN,EASY,607,waste_feat_SKU167,0.00025100164904138936,0.0,603,611
DQN,EASY,608,waste_feat_SKU168,0.0002510016490413893,0.0,636,638
DQN,EASY,609,waste_feat_SKU169,0.00025100164904138936,0.0,346,639
DQN,EASY,610,waste_feat_SKU170,0.0002510016490413894,0.0,318,640
DQN,EASY,611,waste_feat_SKU171,0.00025100164904138936,0.0,626,641
DQN,EASY,612,waste_feat_SKU172,0.0002510016490413894,0.0,319,642
DQN,EASY,613,waste_feat_SKU173,0.0002510016490413893,0.0,659,643
DQN,EASY,614,waste_feat_SKU174,0.00025100164904138936,6.812648270885413e-05,625,209
DQN,EASY,615,waste_feat_SKU175,0.00025100164904138936,1.1998447481365329e-06,624,322
DQN,EASY,616,waste_feat_SKU176,0.00025100164904138936,0.0,623,618
DQN,EASY,617,waste_feat_SKU177,0.0002510016490413894,0.0,320,619
DQN,EASY,618,waste_feat_SKU178,0.0002510016490413894,0.0,321,620
DQN,EASY,619,waste_feat_SKU179,0.00025100164904138936,0.0006158400063665934,622,101
DQN,EASY,620,waste_feat_SKU180,0.00025100164904138936,0.0,621,621
DQN,EASY,621,waste_feat_SKU181,0.00025100164904138936,0.0,620,622
DQN,EASY,622,waste_feat_SKU182,0.0002510016490413894,0.0,322,623
DQN,EASY,623,waste_feat_SKU183,0.0002510016490413894,0.0,323,624
DQN,EASY,624,waste_feat_SKU184,0.00025100164904138936,0.0,597,328
DQN,EASY,625,waste_feat_SKU185,0.0002510016490413894,7.87552403758935e-06,330,303
DQN,EASY,626,waste_feat_SKU186,0.00025100164904138936,3.7493769111744742e-06,619,314
DQN,EASY,627,waste_feat_SKU187,0.0002510016490413894,0.0,326,329
DQN,EASY,628,waste_feat_SKU188,0.00025100164904138936,0.0008803782688136153,618,76
DQN,EASY,629,waste_feat_SKU189,0.0002510016490413894,0.0,327,330
DQN,EASY,630,waste_feat_SKU190,0.0002510016490413894,0.0,328,631
DQN,EASY,631,waste_feat_SKU191,0.0002510016490413894,0.0,329,632
DQN,EASY,632,waste_feat_SKU192,0.00025100164904138936,0.0002725207882904463,617,150
DQN,EASY,633,waste_feat_SKU193,0.00025100164904138936,0.0,616,633
DQN,EASY,634,waste_feat_SKU194,0.0002510016490413894,0.0,26,634
DQN,EASY,635,waste_feat_SKU195,0.00025100164904138936,0.0,615,635
DQN,EASY,636,waste_feat_SKU196,0.00025100164904138936,1.1971022405018251e-05,614,285
DQN,EASY,637,waste_feat_SKU197,0.0002510016490413894,3.862713617409678e-05,27,231
DQN,EASY,638,waste_feat_SKU198,0.0002510016490413894,0.0,28,636
DQN,EASY,639,waste_feat_SKU199,0.0002510016490413894,0.0,29,637
DQN,EASY,640,waste_feat_SKU200,0.0002510016490413894,7.429052426659427e-06,10,305
DQN,EASY,641,waste_feat_SKU201,0.00025100164904138936,5.0722787292522785e-06,352,311
DQN,EASY,642,waste_feat_SKU202,0.0002510016490413894,0.0,11,335
DQN,EASY,643,waste_feat_SKU203,0.00025100164904138936,0.0,351,336
DQN,EASY,644,waste_feat_SKU204,0.0002510016490413894,1.2497626964330673e-05,12,281
DQN,EASY,645,waste_feat_SKU205,0.00025100164904138936,0.0005306309432965883,350,111
DQN,EASY,646,waste_feat_SKU206,0.00025100164904138936,0.0,349,337
DQN,EASY,647,waste_feat_SKU207,0.0002510016490413894,1.2074615661747874e-05,13,283
DQN,EASY,648,waste_feat_SKU208,0.00025100164904138936,0.0,357,338
DQN,EASY,649,waste_feat_SKU209,0.0002510016490413894,0.0,14,339
DQN,EASY,650,waste_feat_SKU210,0.0002510016490413894,0.0,15,653
DQN,EASY,651,waste_feat_SKU211,0.0002510016490413894,0.0,37,654
DQN,EASY,652,waste_feat_SKU212,0.0002510016490413894,0.0,38,657
DQN,EASY,653,waste_feat_SKU213,0.0002510016490413894,0.0017961885422089925,39,24
DQN,EASY,654,waste_feat_SKU214,0.00025100164904138936,0.0,630,660
DQN,EASY,655,waste_feat_SKU215,0.00025100164904138936,1.3833716930457712e-05,634,278
DQN,EASY,656,waste_feat_SKU216,0.0002510016490413894,1.683876587986572e-05,34,273
DQN,EASY,657,waste_feat_SKU217,0.00025100164904138936,0.0,631,656
DQN,EASY,658,waste_feat_SKU218,0.00025100164904138936,3.577326123827274e-06,632,316
DQN,EASY,659,waste_feat_SKU219,0.00025100164904138936,0.0,633,658
DQN,MEDIUM,0,inventory_SKU0,0.00023776609918149845,1.0192933731868571e-05,96,322
DQN,MEDIUM,1,inventory_SKU1,0.00023776609918149845,0.0,90,660
DQN,MEDIUM,2,inventory_SKU2,0.0002377660991814985,0.0,65,360
DQN,MEDIUM,3,inventory_SKU3,0.0002377660991814984,0.0,456,359
DQN,MEDIUM,4,inventory_SKU4,0.00023776609918149845,0.002778906377249351,91,3
DQN,MEDIUM,5,inventory_SKU5,0.00023776609918149845,0.0,92,358
DQN,MEDIUM,6,inventory_SKU6,0.0002377660991814984,0.0,462,357
DQN,MEDIUM,7,inventory_SKU7,0.0002377660991814984,0.0,490,356
DQN,MEDIUM,8,inventory_SKU8,0.0002377660991814984,0.0,515,355
DQN,MEDIUM,9,inventory_SKU9,0.00023776609918149845,0.0005615425232787043,93,106
DQN,MEDIUM,10,inventory_SKU10,0.0002377660991814984,2.52647941522722e-05,392,277
DQN,MEDIUM,11,inventory_SKU11,0.00023776609918149845,0.00020201579056137783,94,176
DQN,MEDIUM,12,inventory_SKU12,0.00023776609918149845,0.0,95,354
DQN,MEDIUM,13,inventory_SKU13,0.0002377660991814984,0.0009057761580453419,644,66
DQN,MEDIUM,14,inventory_SKU14,0.00023776609918149845,0.0,68,353
DQN,MEDIUM,15,inventory_SKU15,0.00023776609918149845,1.394764956934338e-05,69,303
DQN,MEDIUM,16,inventory_SKU16,0.0002377660991814985,0.00035195528530227306,11,149
DQN,MEDIUM,17,inventory_SKU17,0.00023776609918149845,1.1153094410572726e-05,388,318
DQN,MEDIUM,18,inventory_SKU18,0.0002377660991814984,0.0,409,657
DQN,MEDIUM,19,inventory_SKU19,0.0002377660991814984,0.00042134969961920665,410,135
DQN,MEDIUM,20,inventory_SKU20,0.00023776609918149845,0.0,387,656
DQN,MEDIUM,21,inventory_SKU21,0.0002377660991814985,0.0006325702708399233,12,95
DQN,MEDIUM,22,inventory_SKU22,0.00023776609918149845,0.0,386,655
DQN,MEDIUM,23,inventory_SKU23,0.0002377660991814984,0.0,411,654
DQN,MEDIUM,24,inventory_SKU24,0.00023776609918149845,0.0,97,653
DQN,MEDIUM,25,inventory_SKU25,0.0002377660991814984,0.0,412,652
DQN,MEDIUM,26,inventory_SKU26,0.00023776609918149834,6.74814325059392e-05,651,231
DQN,MEDIUM,27,inventory_SKU27,0.0002377660991814984,0.0,414,651
DQN,MEDIUM,28,inventory_SKU28,0.00023776609918149845,0.0,66,650
DQN,MEDIUM,29,inventory_SKU29,0.0002377660991814984,3.184129398992324e-05,415,267
DQN,MEDIUM,30,inventory_SKU30,0.00023776609918149845,0.0017449243376459443,67,18
DQN,MEDIUM,31,inventory_SKU31,0.0002377660991814984,7.145813313726023e-05,406,227
DQN,MEDIUM,32,inventory_SKU32,0.00023776609918149845,0.0,265,649
DQN,MEDIUM,33,inventory_SKU33,0.00023776609918149845,6.750795991739716e-05,266,230
DQN,MEDIUM,34,inventory_SKU34,0.0002377660991814984,0.0,526,629
DQN,MEDIUM,35,inventory_SKU35,0.00023776609918149845,0.00017040934066374027,267,183
DQN,MEDIUM,36,inventory_SKU36,0.00023776609918149845,0.0,268,628
DQN,MEDIUM,37,inventory_SKU37,0.00023776609918149845,5.8211458181150113e-05,269,239
DQN,MEDIUM,38,inventory_SKU38,0.00023776609918149845,5.532800431189699e-06,270,337
DQN,MEDIUM,39,inventory_SKU39,0.00023776609918149845,0.0,271,627
DQN,MEDIUM,40,inventory_SKU40,0.00023776609918149845,0.0,272,626
DQN,MEDIUM,41,inventory_SKU41,0.0002377660991814984,0.0,527,625
DQN,MEDIUM,42,inventory_SKU42,0.0002377660991814984,6.183955393938146e-06,528,336
DQN,MEDIUM,43,inventory_SKU43,0.0002377660991814984,1.0738578964592952e-05,529,321
DQN,MEDIUM,44,inventory_SKU44,0.00023776609918149845,0.0,273,624
DQN,MEDIUM,45,inventory_SKU45,0.00023776609918149845,1.107660945533062e-05,282,319
DQN,MEDIUM,46,inventory_SKU46,0.0002377660991814985,0.0,19,623
DQN,MEDIUM,47,inventory_SKU47,0.0002377660991814984,0.00011138904836108295,506,205
DQN,MEDIUM,48,inventory_SKU48,0.00023776609918149845,0.0,341,622
DQN,MEDIUM,49,inventory_SKU49,0.00023776609918149845,0.0,342,615
DQN,MEDIUM,50,inventory_SKU50,0.0002377660991814984,9.66107288727184e-05,434,210
DQN,MEDIUM,51,inventory_SKU51,0.0002377660991814984,0.0,435,614
DQN,MEDIUM,52,inventory_SKU52,0.00023776609918149845,0.0,343,613
DQN,MEDIUM,53,inventory_SKU53,0.0002377660991814984,0.0,436,612
DQN,MEDIUM,54,inventory_SKU54,0.00023776609918149845,4.0300452986583496e-05,344,256
DQN,MEDIUM,55,inventory_SKU55,0.0002377660991814985,0.0,40,611
DQN,MEDIUM,56,inventory_SKU56,0.0002377660991814985,0.0004939176408281876,48,116
DQN,MEDIUM,57,inventory_SKU57,0.0002377660991814985,0.0,43,610
DQN,MEDIUM,58,inventory_SKU58,0.0002377660991814984,7.669286852254391e-05,437,221
DQN,MEDIUM,59,inventory_SKU59,0.00023776609918149845,0.0003126246172201437,345,154
DQN,MEDIUM,60,inventory_SKU60,0.00023776609918149845,0.0007743265672000325,346,77
DQN,MEDIUM,61,inventory_SKU61,0.00023776609918149845,0.00020626213736672907,347,175
DQN,MEDIUM,62,inventory_SKU62,0.00023776609918149845,0.0,348,609
DQN,MEDIUM,63,inventory_SKU63,0.00023776609918149845,0.0,349,608
DQN,MEDIUM,64,inventory_SKU64,0.0002377660991814985,0.0010212258959052408,50,56
DQN,MEDIUM,65,inventory_SKU65,0.00023776609918149845,0.0,258,598
DQN,MEDIUM,66,inventory_SKU66,0.0002377660991814984,0.0,517,597
DQN,MEDIUM,67,inventory_SKU67,0.00023776609918149845,0.0,259,596
DQN,MEDIUM,68,inventory_SKU68,0.00023776609918149845,1.7629727308694157e-05,260,295
DQN,MEDIUM,69,inventory_SKU69,0.0002377660991814985,0.0,51,595
DQN,MEDIUM,70,inventory_SKU70,0.0002377660991814984,0.0,518,594
DQN,MEDIUM,71,inventory_SKU71,0.0002377660991814984,1.1778888394519692e-05,519,315
DQN,MEDIUM,72,inventory_SKU72,0.00023776609918149845,0.0,261,593
DQN,MEDIUM,73,inventory_SKU73,0.0002377660991814984,3.6280335195174167e-05,520,261
DQN,MEDIUM,74,inventory_SKU74,0.00023776609918149845,0.0,262,592
DQN,MEDIUM,75,inventory_SKU75,0.0002377660991814984,0.0,521,591
DQN,MEDIUM,76,inventory_SKU76,0.0002377660991814984,0.0,522,590
DQN,MEDIUM,77,inventory_SKU77,0.00023776609918149845,1.7024153074165311e-07,263,343
DQN,MEDIUM,78,inventory_SKU78,0.0002377660991814984,0.0,523,589
DQN,MEDIUM,79,inventory_SKU79,0.00023776609918149845,0.0001398461336287279,242,195
DQN,MEDIUM,80,inventory_SKU80,0.00023776609918149845,0.0011211819789270275,373,43
DQN,MEDIUM,81,inventory_SKU81,0.00023776609918149845,8.344861686327673e-05,374,217
DQN,MEDIUM,82,inventory_SKU82,0.0002377660991814984,2.401109909333417e-05,403,284
DQN,MEDIUM,83,inventory_SKU83,0.00023776609918149845,0.0,375,580
DQN,MEDIUM,84,inventory_SKU84,0.00023776609918149845,3.9104783063517746e-05,376,257
DQN,MEDIUM,85,inventory_SKU85,0.0002377660991814984,0.0,404,579
DQN,MEDIUM,86,inventory_SKU86,0.00023776609918149845,0.0,377,578
DQN,MEDIUM,87,inventory_SKU87,0.00023776609918149845,3.338968520446201e-05,378,265
DQN,MEDIUM,88,inventory_SKU88,0.0002377660991814984,0.0,405,577
DQN,MEDIUM,89,inventory_SKU89,0.00023776609918149845,0.0,379,576
DQN,MEDIUM,90,inventory_SKU90,0.00023776609918149845,0.0,380,575
DQN,MEDIUM,91,inventory_SKU91,0.00023776609918149845,0.0,381,574
DQN,MEDIUM,92,inventory_SKU92,0.00023776609918149845,0.0,87,573
DQN,MEDIUM,93,inventory_SKU93,0.0002377660991814984,0.0,427,572
DQN,MEDIUM,94,inventory_SKU94,0.00023776609918149845,0.0,88,571
DQN,MEDIUM,95,inventory_SKU95,0.00023776609918149845,0.00018102195929580668,89,181
DQN,MEDIUM,96,inventory_SKU96,0.00023776609918149845,0.0,99,570
DQN,MEDIUM,97,inventory_SKU97,0.00023776609918149845,8.578410150117367e-06,100,326
DQN,MEDIUM,98,inventory_SKU98,0.0002377660991814984,0.0005358835902222649,628,110
DQN,MEDIUM,99,inventory_SKU99,0.00023776609918149845,0.0,101,551
DQN,MEDIUM,100,inventory_SKU100,0.0002377660991814984,4.572704235097252e-06,629,338
DQN,MEDIUM,101,inventory_SKU101,0.0002377660991814985,0.0,63,550
DQN,MEDIUM,102,inventory_SKU102,0.0002377660991814984,7.123615744037995e-05,646,228
DQN,MEDIUM,103,inventory_SKU103,0.00023776609918149845,0.0,102,549
DQN,MEDIUM,104,inventory_SKU104,0.00023776609918149845,3.131815307515837e-05,103,269
DQN,MEDIUM,105,inventory_SKU105,0.0002377660991814984,0.002194532864759651,393,10
DQN,MEDIUM,106,inventory_SKU106,0.0002377660991814984,0.0011859106735451338,394,41
DQN,MEDIUM,107,inventory_SKU107,0.0002377660991814984,0.0,395,548
DQN,MEDIUM,108,inventory_SKU108,0.00023776609918149845,0.00015553109132594362,370,189
DQN,MEDIUM,109,inventory_SKU109,0.00023776609918149845,0.0,371,547
DQN,MEDIUM,110,inventory_SKU110,0.00023776609918149845,0.00235999673403303,372,5
DQN,MEDIUM,111,inventory_SKU111,0.0002377660991814984,0.00015322521242688966,402,192
DQN,MEDIUM,112,inventory_SKU112,0.0002377660991814984,0.0,623,546
DQN,MEDIUM,113,inventory_SKU113,0.0002377660991814984,0.0,624,545
DQN,MEDIUM,114,inventory_SKU114,0.00023776609918149845,2.7330554218588568e-05,125,272
DQN,MEDIUM,115,inventory_SKU115,0.0002377660991814985,0.00013609075700673028,58,197
DQN,MEDIUM,116,inventory_SKU116,0.0002377660991814984,0.0,625,544
DQN,MEDIUM,117,inventory_SKU117,0.00023776609918149845,0.00018723899880534363,126,180
DQN,MEDIUM,118,inventory_SKU118,0.0002377660991814985,0.0,59,543
DQN,MEDIUM,119,inventory_SKU119,0.00023776609918149845,0.0,127,542
DQN,MEDIUM,120,inventory_SKU120,0.0002377660991814984,0.00040378229483812965,626,140
DQN,MEDIUM,121,inventory_SKU121,0.0002377660991814985,0.0,60,541
DQN,MEDIUM,122,inventory_SKU122,0.00023776609918149845,0.0,128,540
DQN,MEDIUM,123,inventory_SKU123,0.0002377660991814984,0.0,627,539
DQN,MEDIUM,124,inventory_SKU124,0.00023776609918149845,0.0006568981826248181,129,91
DQN,MEDIUM,125,inventory_SKU125,0.0002377660991814985,0.0,61,538
DQN,MEDIUM,126,inventory_SKU126,0.00023776609918149845,0.0,98,537
DQN,MEDIUM,127,inventory_SKU127,0.0002377660991814985,0.00031912620537756747,62,152
DQN,MEDIUM,128,inventory_SKU128,0.0002377660991814984,0.0,610,536
DQN,MEDIUM,129,inventory_SKU129,0.0002377660991814984,0.0,611,530
DQN,MEDIUM,130,inventory_SKU130,0.00023776609918149845,0.0,138,529
DQN,MEDIUM,131,inventory_SKU131,0.00023776609918149845,0.0009869351180350505,139,59
DQN,MEDIUM,132,inventory_SKU132,0.00023776609918149845,0.0,140,528
DQN,MEDIUM,133,inventory_SKU133,0.00023776609918149845,0.0,141,527
DQN,MEDIUM,134,inventory_SKU134,0.00023776609918149845,0.000463130200930797,119,123
DQN,MEDIUM,135,inventory_SKU135,0.00023776609918149845,7.237178759826562e-06,120,333
DQN,MEDIUM,136,inventory_SKU136,0.0002377660991814984,0.00010096705918426388,619,208
DQN,MEDIUM,137,inventory_SKU137,0.0002377660991814984,0.0,620,526
DQN,MEDIUM,138,inventory_SKU138,0.00023776609918149845,0.0022958613726090254,121,8
DQN,MEDIUM,139,inventory_SKU139,0.0002377660991814984,0.0,621,525
DQN,MEDIUM,140,inventory_SKU140,0.00023776609918149845,0.00023288614755405038,122,166
DQN,MEDIUM,141,inventory_SKU141,0.0002377660991814984,0.0021034676256659938,622,12
DQN,MEDIUM,142,inventory_SKU142,0.00023776609918149845,5.660726657107195e-05,123,241
DQN,MEDIUM,143,inventory_SKU143,0.00023776609918149845,0.0,124,524
DQN,MEDIUM,144,inventory_SKU144,0.0002377660991814984,0.0,593,523
DQN,MEDIUM,145,inventory_SKU145,0.0002377660991814984,0.00020774949364906086,594,173
DQN,MEDIUM,146,inventory_SKU146,0.00023776609918149845,0.0,156,514
DQN,MEDIUM,147,inventory_SKU147,0.0002377660991814984,0.0006597442263399072,595,90
DQN,MEDIUM,148,inventory_SKU148,0.00023776609918149845,0.0,157,513
DQN,MEDIUM,149,inventory_SKU149,0.0002377660991814984,3.487842531734904e-05,605,263
DQN,MEDIUM,150,inventory_SKU150,0.0002377660991814984,0.0,606,512
DQN,MEDIUM,151,inventory_SKU151,0.00023776609918149845,0.0,133,511
DQN,MEDIUM,152,inventory_SKU152,0.00023776609918149845,1.9168403097581607e-05,134,291
DQN,MEDIUM,153,inventory_SKU153,0.00023776609918149845,0.0,135,510
DQN,MEDIUM,154,inventory_SKU154,0.0002377660991814984,4.523894462793089e-05,607,251
DQN,MEDIUM,155,inventory_SKU155,0.00023776609918149845,0.0,136,509
DQN,MEDIUM,156,inventory_SKU156,0.0002377660991814984,0.0,608,508
DQN,MEDIUM,157,inventory_SKU157,0.00023776609918149845,0.0,137,507
DQN,MEDIUM,158,inventory_SKU158,0.0002377660991814985,0.0,57,506
DQN,MEDIUM,159,inventory_SKU159,0.0002377660991814984,0.0,609,505
DQN,MEDIUM,160,inventory_SKU160,0.00023776609918149845,0.0,170,504
DQN,MEDIUM,161,inventory_SKU161,0.0002377660991814984,0.0,581,482
DQN,MEDIUM,162,inventory_SKU162,0.0002377660991814985,0.0006042354652030005,55,100
DQN,MEDIUM,163,inventory_SKU163,0.0002377660991814984,5.355414334391328e-05,582,244
DQN,MEDIUM,164,inventory_SKU164,0.0002377660991814985,0.0,56,481
DQN,MEDIUM,165,inventory_SKU165,0.00023776609918149845,0.0,150,480
DQN,MEDIUM,166,inventory_SKU166,0.00023776609918149845,7.747437411714897e-06,151,329
DQN,MEDIUM,167,inventory_SKU167,0.00023776609918149845,0.0008133563901438857,152,72
DQN,MEDIUM,168,inventory_SKU168,0.0002377660991814984,0.0,588,479
DQN,MEDIUM,169,inventory_SKU169,0.0002377660991814984,0.0001134956224517219,589,204
DQN,MEDIUM,170,inventory_SKU170,0.0002377660991814984,0.00046734129776620294,590,121
DQN,MEDIUM,171,inventory_SKU171,0.00023776609918149845,0.0,153,478
DQN,MEDIUM,172,inventory_SKU172,0.00023776609918149845,0.0,154,477
DQN,MEDIUM,173,inventory_SKU173,0.0002377660991814984,0.00035048226071515205,591,150
DQN,MEDIUM,174,inventory_SKU174,0.00023776609918149845,5.8394549270480814e-05,155,238
DQN,MEDIUM,175,inventory_SKU175,0.0002377660991814984,0.0001516646314719343,592,193
DQN,MEDIUM,176,inventory_SKU176,0.00023776609918149845,0.0,181,476
DQN,MEDIUM,177,inventory_SKU177,0.00023776609918149845,0.0,182,466
DQN,MEDIUM,178,inventory_SKU178,0.00023776609918149845,7.584042410636058e-05,183,223
DQN,MEDIUM,179,inventory_SKU179,0.0002377660991814984,0.0,576,465
DQN,MEDIUM,180,inventory_SKU180,0.00023776609918149845,1.2048199311238961e-05,162,313
DQN,MEDIUM,181,inventory_SKU181,0.00023776609918149845,0.0,163,464
DQN,MEDIUM,182,inventory_SKU182,0.00023776609918149845,0.0004319427751657917,164,133
DQN,MEDIUM,183,inventory_SKU183,0.00023776609918149845,7.60284730896679e-06,165,331
DQN,MEDIUM,184,inventory_SKU184,0.0002377660991814984,0.0,577,463
DQN,MEDIUM,185,inventory_SKU185,0.00023776609918149845,2.612851814069009e-05,166,275
DQN,MEDIUM,186,inventory_SKU186,0.0002377660991814984,0.0,578,462
DQN,MEDIUM,187,inventory_SKU187,0.00023776609918149845,0.0,167,461
DQN,MEDIUM,188,inventory_SKU188,0.00023776609918149845,0.0,168,460
DQN,MEDIUM,189,inventory_SKU189,0.00023776609918149845,3.427609914455888e-05,169,264
DQN,MEDIUM,190,inventory_SKU190,0.0002377660991814984,0.0003059600246388719,579,155
DQN,MEDIUM,191,inventory_SKU191,0.0002377660991814984,0.0,580,459
DQN,MEDIUM,192,inventory_SKU192,0.0002377660991814984,0.0004474970083086599,564,129
DQN,MEDIUM,193,inventory_SKU193,0.0002377660991814984,6.300831426081306e-06,565,334
DQN,MEDIUM,194,inventory_SKU194,0.00023776609918149845,0.0,205,449
DQN,MEDIUM,195,inventory_SKU195,0.00023776609918149845,3.9085987893592725e-05,206,258
DQN,MEDIUM,196,inventory_SKU196,0.00023776609918149845,0.0006145490411048692,207,99
DQN,MEDIUM,197,inventory_SKU197,0.00023776609918149845,0.0,208,448
DQN,MEDIUM,198,inventory_SKU198,0.0002377660991814985,0.0,54,447
DQN,MEDIUM,199,inventory_SKU199,0.00023776609918149845,0.0,209,446
DQN,MEDIUM,200,inventory_SKU200,0.00023776609918149845,4.6002527631467087e-05,178,250
DQN,MEDIUM,201,inventory_SKU201,0.0002377660991814984,0.000228474765044866,566,167
DQN,MEDIUM,202,inventory_SKU202,0.00023776609918149845,0.0,179,445
DQN,MEDIUM,203,inventory_SKU203,0.0002377660991814984,1.3783936073862615e-05,567,304
DQN,MEDIUM,204,inventory_SKU204,0.00023776609918149845,8.22511069748023e-06,180,327
DQN,MEDIUM,205,inventory_SKU205,0.0002377660991814984,0.0,568,444
DQN,MEDIUM,206,inventory_SKU206,0.00023776609918149834,0.001512242760535563,658,27
DQN,MEDIUM,207,inventory_SKU207,0.0002377660991814984,0.00013741857641452735,569,196
DQN,MEDIUM,208,inventory_SKU208,0.00023776609918149845,0.0,219,443
DQN,MEDIUM,209,inventory_SKU209,0.00023776609918149845,0.0003833171238063923,197,143
DQN,MEDIUM,210,inventory_SKU210,0.00023776609918149845,0.0,198,437
DQN,MEDIUM,211,inventory_SKU211,0.00023776609918149845,0.0,199,436
DQN,MEDIUM,212,inventory_SKU212,0.0002377660991814984,0.0,558,435
DQN,MEDIUM,213,inventory_SKU213,0.0002377660991814984,3.803810772864045e-05,559,259
DQN,MEDIUM,214,inventory_SKU214,0.0002377660991814984,0.0,560,434
DQN,MEDIUM,215,inventory_SKU215,0.00023776609918149845,0.0010357499817944798,200,53
DQN,MEDIUM,216,inventory_SKU216,0.0002377660991814985,0.0,53,433
DQN,MEDIUM,217,inventory_SKU217,0.00023776609918149845,0.00021482144600603651,201,171
DQN,MEDIUM,218,inventory_SKU218,0.0002377660991814984,0.0,561,432
DQN,MEDIUM,219,inventory_SKU219,0.00023776609918149845,0.0,202,431
DQN,MEDIUM,220,sales_SKU0,0.00023776609918149845,0.00019991786566733215,203,177
DQN,MEDIUM,221,sales_SKU1,0.0002377660991814984,0.001790527556020127,562,16
DQN,MEDIUM,222,sales_SKU2,0.0002377660991814984,0.0,563,430
DQN,MEDIUM,223,sales_SKU3,0.00023776609918149845,0.0,204,429
DQN,MEDIUM,224,sales_SKU4,0.0002377660991814984,0.0,541,428
DQN,MEDIUM,225,sales_SKU5,0.00023776609918149845,0.0010853200907656963,241,49
DQN,MEDIUM,226,sales_SKU6,0.00023776609918149845,0.00012064233221044167,210,201
DQN,MEDIUM,227,sales_SKU7,0.0002377660991814984,1.2100499326794125e-06,546,342
DQN,MEDIUM,228,sales_SKU8,0.0002377660991814984,0.00216289645757049,547,11
DQN,MEDIUM,229,sales_SKU9,0.0002377660991814984,0.002431239550733643,548,4
DQN,MEDIUM,230,sales_SKU10,0.0002377660991814984,0.0,549,423
DQN,MEDIUM,231,sales_SKU11,0.00023776609918149845,0.0011049762264167963,211,47
DQN,MEDIUM,232,sales_SKU12,0.00023776609918149845,0.0,212,422
DQN,MEDIUM,233,sales_SKU13,0.00023776609918149845,0.0001622533522312566,213,187
DQN,MEDIUM,234,sales_SKU14,0.00023776609918149845,0.0020448290277578877,214,15
DQN,MEDIUM,235,sales_SKU15,0.00023776609918149845,0.0,215,421
DQN,MEDIUM,236,sales_SKU16,0.00023776609918149845,0.0006453807837839498,216,93
DQN,MEDIUM,237,sales_SKU17,0.0002377660991814984,0.0,550,420
DQN,MEDIUM,238,sales_SKU18,0.00023776609918149845,2.2608022218734134e-05,217,286
DQN,MEDIUM,239,sales_SKU19,0.00023776609918149845,0.0006152136169827746,218,98
DQN,MEDIUM,240,sales_SKU20,0.0002377660991814984,0.0005463703489403851,536,109
DQN,MEDIUM,241,sales_SKU21,0.0008161415404002541,0.0,3,419
DQN,MEDIUM,242,sales_SKU22,0.0002377660991814984,0.0004074745899032504,537,138
DQN,MEDIUM,243,sales_SKU23,0.00023776609918149845,0.0005582917644182412,251,107
DQN,MEDIUM,244,sales_SKU24,0.00023776609918149845,0.00015421565983113705,252,190
DQN,MEDIUM,245,sales_SKU25,0.00023776609918149845,0.0,253,418
DQN,MEDIUM,246,sales_SKU26,0.0002377660991814984,0.0,538,417
DQN,MEDIUM,247,sales_SKU27,0.00023776609918149845,0.0,254,416
DQN,MEDIUM,248,sales_SKU28,0.00023776609918149845,0.0005231862969729767,255,114
DQN,MEDIUM,249,sales_SKU29,0.00023776609918149845,0.0,256,415
DQN,MEDIUM,250,sales_SKU30,0.00023776609918149845,0.0015494535639194115,257,26
DQN,MEDIUM,251,sales_SKU31,0.0002377660991814984,0.0006365063749980053,539,94
DQN,MEDIUM,252,sales_SKU32,0.00023776609918149845,0.0,226,414
DQN,MEDIUM,253,sales_SKU33,0.00023776609918149845,0.0001338418365423971,227,198
DQN,MEDIUM,254,sales_SKU34,0.0002377660991814984,0.0006737848362182402,540,85
DQN,MEDIUM,255,sales_SKU35,0.00023776609918149845,0.0011307676215468986,228,42
DQN,MEDIUM,256,sales_SKU36,0.00023776609918149834,5.049478464214913e-05,660,245
DQN,MEDIUM,257,sales_SKU37,0.00023776609918149845,8.03078498967441e-05,243,219
DQN,MEDIUM,258,sales_SKU38,0.0002377660991814984,0.0,530,410
DQN,MEDIUM,259,sales_SKU39,0.00023776609918149845,0.0,244,409
DQN,MEDIUM,260,sales_SKU40,0.00023776609918149845,1.1208983436805805e-05,245,317
DQN,MEDIUM,261,sales_SKU41,0.00023776609918149845,0.0,246,408
DQN,MEDIUM,262,sales_SKU42,0.0002377660991814984,0.0008293147144701819,531,71
DQN,MEDIUM,263,sales_SKU43,0.00023776609918149845,0.0007538738305926793,247,80
DQN,MEDIUM,264,sales_SKU44,0.00023776609918149845,0.0,248,407
DQN,MEDIUM,265,sales_SKU45,0.0002377660991814984,0.0007695225748817636,532,78
DQN,MEDIUM,266,sales_SKU46,0.0002377660991814984,0.0,533,406
DQN,MEDIUM,267,sales_SKU47,0.0002377660991814984,0.0014436263546591895,534,30
DQN,MEDIUM,268,sales_SKU48,0.0002377660991814984,0.002225422710644355,535,9
DQN,MEDIUM,269,sales_SKU49,0.0002377660991814985,0.00010458909154224661,52,207
DQN,MEDIUM,270,sales_SKU50,0.00023776609918149845,0.0,249,405
DQN,MEDIUM,271,sales_SKU51,0.00023776609918149845,0.0,250,404
DQN,MEDIUM,272,sales_SKU52,0.0002377660991814984,0.0006723443258223885,498,86
DQN,MEDIUM,273,sales_SKU53,0.0002377660991814984,6.207272341150364e-06,499,335
DQN,MEDIUM,274,sales_SKU54,0.0002377660991814984,0.0,500,403
DQN,MEDIUM,275,sales_SKU55,0.00023776609918149845,0.0,278,402
DQN,MEDIUM,276,sales_SKU56,0.0007127615132038529,0.0012099657197806616,4,40
DQN,MEDIUM,277,sales_SKU57,0.00023776609918149845,0.0005943558608184682,279,101
DQN,MEDIUM,278,sales_SKU58,0.0002377660991814984,1.2893405313302818e-05,501,309
DQN,MEDIUM,279,sales_SKU59,0.00023776609918149845,0.0011206969733694296,280,45
DQN,MEDIUM,280,sales_SKU60,0.00023776609918149845,0.0,281,401
DQN,MEDIUM,281,sales_SKU61,0.0002377660991814984,0.0,502,400
DQN,MEDIUM,282,sales_SKU62,0.0002377660991814984,0.0004657416270212477,503,122
DQN,MEDIUM,283,sales_SKU63,0.0002377660991814984,0.0,504,399
DQN,MEDIUM,284,sales_SKU64,0.0002377660991814984,0.0,505,398
DQN,MEDIUM,285,sales_SKU65,0.0002377660991814984,0.0,514,397
DQN,MEDIUM,286,sales_SKU66,0.00023776609918149834,0.000496332463323647,657,115
DQN,MEDIUM,287,sales_SKU67,0.0002377660991814984,0.0,516,396
DQN,MEDIUM,288,sales_SKU68,0.00023776609918149845,0.0,295,395
DQN,MEDIUM,289,sales_SKU69,0.0002377660991814984,0.0012153231657523638,485,39
DQN,MEDIUM,290,sales_SKU70,0.0002377660991814984,0.0002570823886457165,486,165
DQN,MEDIUM,291,sales_SKU71,0.0002377660991814985,0.0,45,391
DQN,MEDIUM,292,sales_SKU72,0.00023776609918149845,2.8186680191601046e-05,296,270
DQN,MEDIUM,293,sales_SKU73,0.0002377660991814984,0.0,487,390
DQN,MEDIUM,294,sales_SKU74,0.0006634458892155771,0.0,6,389
DQN,MEDIUM,295,sales_SKU75,0.0002377660991814984,0.0,488,388
DQN,MEDIUM,296,sales_SKU76,0.00023776609918149845,0.0007665986960912421,297,79
DQN,MEDIUM,297,sales_SKU77,0.00023776609918149845,0.0,298,387
DQN,MEDIUM,298,sales_SKU78,0.0002377660991814985,0.0010886875731341346,49,48
DQN,MEDIUM,299,sales_SKU79,0.0002377660991814984,0.0,495,386
DQN,MEDIUM,300,sales_SKU80,0.0005555116661774615,9.151454086310577e-05,9,212
DQN,MEDIUM,301,sales_SKU81,0.0002377660991814984,0.0,496,385
DQN,MEDIUM,302,sales_SKU82,0.00023776609918149845,0.0,277,384
DQN,MEDIUM,303,sales_SKU83,0.0002377660991814984,0.0011207353392366462,497,44
DQN,MEDIUM,304,sales_SKU84,0.0002377660991814984,0.00044632435165424886,471,130
DQN,MEDIUM,305,sales_SKU85,0.0002377660991814984,0.0,472,377
DQN,MEDIUM,306,sales_SKU86,0.0002377660991814984,0.0,473,376
DQN,MEDIUM,307,sales_SKU87,0.00023776609918149845,0.0,312,375
DQN,MEDIUM,308,sales_SKU88,0.00023776609918149845,0.0,313,374
DQN,MEDIUM,309,sales_SKU89,0.0002377660991814985,0.0,47,373
DQN,MEDIUM,310,sales_SKU90,0.00023776609918149845,7.440040076663916e-05,291,224
DQN,MEDIUM,311,sales_SKU91,0.0002377660991814984,0.0001624149191596134,481,186
DQN,MEDIUM,312,sales_SKU92,0.0002377660991814985,0.0016865731112303205,46,20
DQN,MEDIUM,313,sales_SKU93,0.0006634458892155771,0.0004284196261080554,5,134
DQN,MEDIUM,314,sales_SKU94,0.0002377660991814984,0.0009275396191078188,482,63
DQN,MEDIUM,315,sales_SKU95,0.0002377660991814984,0.0006678148113631351,483,87
DQN,MEDIUM,316,sales_SKU96,0.00023776609918149845,4.147589731409876e-05,292,255
DQN,MEDIUM,317,sales_SKU97,0.00023776609918149845,0.00011715672048961528,293,203
DQN,MEDIUM,318,sales_SKU98,0.00023776609918149845,0.0005728736047469153,294,103
DQN,MEDIUM,319,sales_SKU99,0.0002377660991814984,0.0,484,372
DQN,MEDIUM,320,sales_SKU100,0.0002377660991814985,0.001448888431692455,42,29
DQN,MEDIUM,321,sales_SKU101,0.0002377660991814984,0.0,455,371
DQN,MEDIUM,322,sales_SKU102,0.00023776609918149834,1.0979037195674144e-05,654,320
DQN,MEDIUM,323,sales_SKU103,0.0002377660991814984,0.0,464,370
DQN,MEDIUM,324,sales_SKU104,0.0002377660991814984,1.4607135124116361e-05,465,300
DQN,MEDIUM,325,sales_SKU105,0.0008857956403434091,0.0,1,369
DQN,MEDIUM,326,sales_SKU106,0.0002377660991814984,9.89262677461064e-06,466,323
DQN,MEDIUM,327,sales_SKU107,0.0002377660991814984,1.3719903948292658e-05,467,305
DQN,MEDIUM,328,sales_SKU108,0.00023776609918149845,0.0,308,368
DQN,MEDIUM,329,sales_SKU109,0.00023776609918149845,0.0010634334775045248,309,51
DQN,MEDIUM,330,sales_SKU110,0.0002377660991814984,2.1113681879319206e-05,468,289
DQN,MEDIUM,331,sales_SKU111,0.00023776609918149845,0.00033982739800995785,310,151
DQN,MEDIUM,332,sales_SKU112,0.0008172315330905633,0.00044469441256218226,2,131
DQN,MEDIUM,333,sales_SKU113,0.0002377660991814984,0.0,469,367
DQN,MEDIUM,334,sales_SKU114,0.0002377660991814984,0.000258142756044546,470,164
DQN,MEDIUM,335,sales_SKU115,0.00023776609918149845,0.000928722207899915,311,62
DQN,MEDIUM,336,sales_SKU116,0.0002377660991814985,0.0,44,366
DQN,MEDIUM,337,sales_SKU117,0.0002377660991814984,0.0,447,365
DQN,MEDIUM,338,sales_SKU118,0.0002377660991814984,0.0004764770886647697,448,119
DQN,MEDIUM,339,sales_SKU119,0.00023776609918149845,2.748553478825259e-05,325,271
DQN,MEDIUM,340,sales_SKU120,0.0002377660991814984,0.0,449,364
DQN,MEDIUM,341,sales_SKU121,0.00023776609918149845,0.0005568141254899606,326,108
DQN,MEDIUM,342,sales_SKU122,0.0002377660991814984,2.3452995140823016e-05,450,285
DQN,MEDIUM,343,sales_SKU123,0.00023776609918149845,9.530827136986443e-06,327,325
DQN,MEDIUM,344,sales_SKU124,0.0002377660991814984,0.0002598843004989857,451,163
DQN,MEDIUM,345,sales_SKU125,0.0002377660991814984,0.00020642315623544983,452,174
DQN,MEDIUM,346,sales_SKU126,0.0002377660991814984,0.0,453,363
DQN,MEDIUM,347,sales_SKU127,0.00023776609918149845,0.0,328,362
DQN,MEDIUM,348,sales_SKU128,0.0002377660991814985,0.00014171639650667454,41,194
DQN,MEDIUM,349,sales_SKU129,0.00023776609918149845,0.0004891197262391382,329,117
DQN,MEDIUM,350,sales_SKU130,0.00023776609918149845,2.6622498023561864e-05,330,273
DQN,MEDIUM,351,sales_SKU131,0.0002377660991814984,0.0,454,361
DQN,MEDIUM,352,sales_SKU132,0.00023776609918149845,0.0005697679035987354,358,104
DQN,MEDIUM,353,sales_SKU133,0.00023776609918149845,0.001030857857774483,359,55
DQN,MEDIUM,354,sales_SKU134,0.00023776609918149845,0.0,360,383
DQN,MEDIUM,355,sales_SKU135,0.00023776609918149845,0.0,361,382
DQN,MEDIUM,356,sales_SKU136,0.0002377660991814984,6.559094234502691e-05,641,232
DQN,MEDIUM,357,sales_SKU137,0.0002377660991814985,0.0009531359719162794,34,60
DQN,MEDIUM,358,sales_SKU138,0.0002377660991814984,0.0,642,381
DQN,MEDIUM,359,sales_SKU139,0.00023776609918149845,0.00029002353023191695,362,160
DQN,MEDIUM,360,sales_SKU140,0.00023776609918149845,0.0,363,380
DQN,MEDIUM,361,sales_SKU141,0.0006249000587101549,3.273210819958596e-05,8,266
DQN,MEDIUM,362,sales_SKU142,0.00023776609918149845,4.232572799106971e-05,364,254
DQN,MEDIUM,363,sales_SKU143,0.0006428566055448246,0.0,7,379
DQN,MEDIUM,364,sales_SKU144,0.00023776609918149845,0.0009408902544255693,365,61
DQN,MEDIUM,365,sales_SKU145,0.00023776609918149845,0.0001699733694587605,339,184
DQN,MEDIUM,366,sales_SKU146,0.00023776609918149845,0.0013364734770376157,340,32
DQN,MEDIUM,367,sales_SKU147,0.0002377660991814984,0.0,433,378
DQN,MEDIUM,368,sales_SKU148,0.0002377660991814984,1.3379662723227531e-05,633,306
DQN,MEDIUM,369,sales_SKU149,0.00023776609918149845,0.00045599062862178394,79,126
DQN,MEDIUM,370,sales_SKU150,0.0002377660991814984,0.0002190209093158848,634,169
DQN,MEDIUM,371,sales_SKU151,0.00023776609918149845,0.0,80,394
DQN,MEDIUM,372,sales_SKU152,0.0002377660991814984,0.0,635,393
DQN,MEDIUM,373,sales_SKU153,0.00023776609918149845,0.0005659585307422548,81,105
DQN,MEDIUM,374,sales_SKU154,0.0002377660991814984,0.0015507800969121956,636,24
DQN,MEDIUM,375,sales_SKU155,0.0002377660991814984,2.2601583162000937e-05,637,287
DQN,MEDIUM,376,sales_SKU156,0.00023776609918149845,0.0,354,392
DQN,MEDIUM,377,sales_SKU157,0.00023776609918149845,0.002338449722642794,355,6
DQN,MEDIUM,378,sales_SKU158,0.0002377660991814984,0.0002238823306628809,638,168
DQN,MEDIUM,379,sales_SKU159,0.00023776609918149834,0.0008530683994292053,659,70
DQN,MEDIUM,380,sales_SKU160,0.0002377660991814984,0.0017211321565102522,639,19
DQN,MEDIUM,381,sales_SKU161,0.00023776609918149845,0.0012439282260483771,356,37
DQN,MEDIUM,382,sales_SKU162,0.0002377660991814984,0.0003536993392676516,640,148
DQN,MEDIUM,383,sales_SKU163,0.00023776609918149845,0.00030398172375613894,357,157
DQN,MEDIUM,384,sales_SKU164,0.0002377660991814985,0.00011739833435766691,35,202
DQN,MEDIUM,385,sales_SKU165,0.00023776609918149845,4.893981531442395e-05,369,246
DQN,MEDIUM,386,sales_SKU166,0.0002377660991814984,2.5206155200186767e-05,428,278
DQN,MEDIUM,387,sales_SKU167,0.0002377660991814984,0.001254147646562344,429,36
DQN,MEDIUM,388,sales_SKU168,0.00023776609918149845,0.0006675383861616272,338,88
DQN,MEDIUM,389,sales_SKU169,0.0002377660991814984,0.0010312417790215916,430,54
DQN,MEDIUM,390,sales_SKU170,0.0002377660991814985,0.0009201254983956214,36,64
DQN,MEDIUM,391,sales_SKU171,0.0002377660991814984,0.0,431,413
DQN,MEDIUM,392,sales_SKU172,0.0002377660991814984,0.000901465701123623,432,67
DQN,MEDIUM,393,sales_SKU173,0.0002377660991814984,0.00019165810089808366,645,179
DQN,MEDIUM,394,sales_SKU174,0.0002377660991814984,0.0,423,412
DQN,MEDIUM,395,sales_SKU175,0.0002377660991814984,0.0016496214426456217,631,21
DQN,MEDIUM,396,sales_SKU176,0.0002377660991814984,0.00029784548432820697,632,159
DQN,MEDIUM,397,sales_SKU177,0.0002377660991814985,2.409765550637736e-05,33,283
DQN,MEDIUM,398,sales_SKU178,0.00023776609918149845,5.504308124583535e-05,77,242
DQN,MEDIUM,399,sales_SKU179,0.00023776609918149845,0.0,78,411
DQN,MEDIUM,400,sales_SKU180,0.0002377660991814984,0.0013228928040728365,444,34
DQN,MEDIUM,401,sales_SKU181,0.0002377660991814984,0.0004518464310084869,445,127
DQN,MEDIUM,402,sales_SKU182,0.00023776609918149845,0.0031465276609926288,323,2
DQN,MEDIUM,403,sales_SKU183,0.0002377660991814984,0.002053679641292696,446,13
DQN,MEDIUM,404,sales_SKU184,0.00023776609918149845,0.0008828552841198485,324,68
DQN,MEDIUM,405,sales_SKU185,0.0002377660991814985,0.0013351811941855942,38,33
DQN,MEDIUM,406,sales_SKU186,0.0002377660991814984,0.0037064430108975288,643,1
DQN,MEDIUM,407,sales_SKU187,0.0002377660991814984,0.0,647,427
DQN,MEDIUM,408,sales_SKU188,0.00023776609918149845,0.0006325302936609975,366,96
DQN,MEDIUM,409,sales_SKU189,0.0002377660991814984,0.0,424,426
DQN,MEDIUM,410,sales_SKU190,0.00023776609918149845,0.0,367,425
DQN,MEDIUM,411,sales_SKU191,0.00023776609918149845,0.0,368,424
DQN,MEDIUM,412,sales_SKU192,0.0002377660991814984,0.0009123896720161205,425,65
DQN,MEDIUM,413,sales_SKU193,0.0002377660991814985,9.956935088343476e-05,37,209
DQN,MEDIUM,414,sales_SKU194,0.0002377660991814984,0.0003725245770771708,426,145
DQN,MEDIUM,415,sales_SKU195,0.00023776609918149834,0.0014701644025030373,653,28
DQN,MEDIUM,416,sales_SKU196,0.00023776609918149845,0.0023096704365210457,306,7
DQN,MEDIUM,417,sales_SKU197,0.00023776609918149834,0.0009874434668783916,655,58
DQN,MEDIUM,418,sales_SKU198,0.00023776609918149845,4.4676118667897995e-05,307,253
DQN,MEDIUM,419,sales_SKU199,0.0002377660991814984,8.397246294776065e-05,463,216
DQN,MEDIUM,420,sales_SKU200,0.0002377660991814984,0.0006502075243181442,438,92
DQN,MEDIUM,421,sales_SKU201,0.0002377660991814984,6.222169388575801e-05,439,236
DQN,MEDIUM,422,sales_SKU202,0.0002377660991814984,0.0007753719965732509,440,76
DQN,MEDIUM,423,sales_SKU203,0.0002377660991814984,0.00041317017626827485,441,137
DQN,MEDIUM,424,sales_SKU204,0.00023776609918149845,0.0003053541274085512,350,156
DQN,MEDIUM,425,sales_SKU205,0.0002377660991814985,0.0,25,442
DQN,MEDIUM,426,sales_SKU206,0.00023776609918149845,0.0,351,441
DQN,MEDIUM,427,sales_SKU207,0.00023776609918149845,0.0015983995495398202,352,22
DQN,MEDIUM,428,sales_SKU208,0.00023776609918149845,0.002047318938289705,353,14
DQN,MEDIUM,429,sales_SKU209,0.0002377660991814984,0.0,442,440
DQN,MEDIUM,430,sales_SKU210,0.0002377660991814984,0.0,443,439
DQN,MEDIUM,431,sales_SKU211,0.00023776609918149845,0.0,322,438
DQN,MEDIUM,432,sales_SKU212,0.00023776609918149845,0.00021878444574764127,290,170
DQN,MEDIUM,433,sales_SKU213,0.0002377660991814984,0.00040570741092404734,480,139
DQN,MEDIUM,434,sales_SKU214,0.0002377660991814984,0.0,457,458
DQN,MEDIUM,435,sales_SKU215,0.00023776609918149845,0.0,331,457
DQN,MEDIUM,436,sales_SKU216,0.00023776609918149845,0.000791019617723472,332,73
DQN,MEDIUM,437,sales_SKU217,0.00023776609918149845,0.0013837742954869049,333,31
DQN,MEDIUM,438,sales_SKU218,0.0002377660991814985,0.0005344384241487143,22,111
DQN,MEDIUM,439,sales_SKU219,0.0002377660991814984,0.0,458,456
DQN,MEDIUM,440,waste_feat_SKU0,0.00023776609918149845,0.0,334,455
DQN,MEDIUM,441,waste_feat_SKU1,0.00023776609918149845,0.0,335,454
DQN,MEDIUM,442,waste_feat_SKU2,0.0002377660991814985,1.2728016787443325e-05,39,310
DQN,MEDIUM,443,waste_feat_SKU3,0.0002377660991814984,2.5405028994399338e-05,459,276
DQN,MEDIUM,444,waste_feat_SKU4,0.00023776609918149845,0.0001239804896458777,336,200
DQN,MEDIUM,445,waste_feat_SKU5,0.00023776609918149845,0.0,337,453
DQN,MEDIUM,446,waste_feat_SKU6,0.0002377660991814984,0.0,460,452
DQN,MEDIUM,447,waste_feat_SKU7,0.0002377660991814984,0.0,461,451
DQN,MEDIUM,448,waste_feat_SKU8,0.0002377660991814984,0.0,474,450
DQN,MEDIUM,449,waste_feat_SKU9,0.00023776609918149845,0.0004856417142880759,314,118
DQN,MEDIUM,450,waste_feat_SKU10,0.0002377660991814984,9.038854145216262e-05,475,213
DQN,MEDIUM,451,waste_feat_SKU11,0.00023776609918149845,0.0,315,475
DQN,MEDIUM,452,waste_feat_SKU12,0.00023776609918149845,0.0010824371348035413,316,50
DQN,MEDIUM,453,waste_feat_SKU13,0.0002377660991814984,0.0,476,474
DQN,MEDIUM,454,waste_feat_SKU14,0.00023776609918149845,0.0,317,473
DQN,MEDIUM,455,waste_feat_SKU15,0.00023776609918149845,0.0,318,472
DQN,MEDIUM,456,waste_feat_SKU16,0.0002377660991814985,3.1492287411310655e-05,24,268
DQN,MEDIUM,457,waste_feat_SKU17,0.00023776609918149845,5.4603987549117425e-05,319,243
DQN,MEDIUM,458,waste_feat_SKU18,0.0002377660991814984,0.00039181620060078535,477,142
DQN,MEDIUM,459,waste_feat_SKU19,0.0002377660991814984,0.0,478,471
DQN,MEDIUM,460,waste_feat_SKU20,0.00023776609918149845,0.0015933677702846389,320,23
DQN,MEDIUM,461,waste_feat_SKU21,0.0002377660991814985,0.0,21,470
DQN,MEDIUM,462,waste_feat_SKU22,0.00023776609918149845,0.0,321,469
DQN,MEDIUM,463,waste_feat_SKU23,0.0002377660991814984,0.0,479,468
DQN,MEDIUM,464,waste_feat_SKU24,0.00023776609918149845,0.0,299,467
DQN,MEDIUM,465,waste_feat_SKU25,0.0002377660991814984,0.0,489,490
DQN,MEDIUM,466,waste_feat_SKU26,0.00023776609918149834,0.0,656,489
DQN,MEDIUM,467,waste_feat_SKU27,0.0002377660991814984,0.0,491,488
DQN,MEDIUM,468,waste_feat_SKU28,0.00023776609918149845,0.0,300,487
DQN,MEDIUM,469,waste_feat_SKU29,0.0002377660991814984,0.0003175399915329559,492,153
DQN,MEDIUM,470,waste_feat_SKU30,0.00023776609918149845,9.691808915347989e-06,301,324
DQN,MEDIUM,471,waste_feat_SKU31,0.0002377660991814984,0.0015497580702965865,493,25
DQN,MEDIUM,472,waste_feat_SKU32,0.00023776609918149845,0.0011157341551676,302,46
DQN,MEDIUM,473,waste_feat_SKU33,0.00023776609918149845,0.0,303,486
DQN,MEDIUM,474,waste_feat_SKU34,0.0002377660991814984,0.0003603462688198425,494,147
DQN,MEDIUM,475,waste_feat_SKU35,0.00023776609918149845,0.0,304,485
DQN,MEDIUM,476,waste_feat_SKU36,0.00023776609918149845,0.0,305,484
DQN,MEDIUM,477,waste_feat_SKU37,0.00023776609918149845,0.0006980845067696184,274,84
DQN,MEDIUM,478,waste_feat_SKU38,0.00023776609918149845,0.0,275,483
DQN,MEDIUM,479,waste_feat_SKU39,0.00023776609918149845,1.8014533653471596e-05,276,293
DQN,MEDIUM,480,waste_feat_SKU40,0.00023776609918149845,1.409139474051912e-05,283,302
DQN,MEDIUM,481,waste_feat_SKU41,0.0002377660991814984,4.769212821653381e-05,507,248
DQN,MEDIUM,482,waste_feat_SKU42,0.0002377660991814984,0.0,508,503
DQN,MEDIUM,483,waste_feat_SKU43,0.0002377660991814984,6.449256149745947e-05,509,233
DQN,MEDIUM,484,waste_feat_SKU44,0.00023776609918149845,2.411077658564624e-05,284,282
DQN,MEDIUM,485,waste_feat_SKU45,0.00023776609918149845,0.0,285,502
DQN,MEDIUM,486,waste_feat_SKU46,0.0002377660991814985,0.0,20,501
DQN,MEDIUM,487,waste_feat_SKU47,0.0002377660991814984,0.0,510,500
DQN,MEDIUM,488,waste_feat_SKU48,0.00023776609918149845,0.0,286,499
DQN,MEDIUM,489,waste_feat_SKU49,0.00023776609918149845,0.0,287,498
DQN,MEDIUM,490,waste_feat_SKU50,0.0002377660991814984,0.0,511,497
DQN,MEDIUM,491,waste_feat_SKU51,0.0002377660991814984,0.0,512,496
DQN,MEDIUM,492,waste_feat_SKU52,0.00023776609918149845,0.0,288,495
DQN,MEDIUM,493,waste_feat_SKU53,0.0002377660991814984,0.0,513,494
DQN,MEDIUM,494,waste_feat_SKU54,0.00023776609918149845,0.0,289,493
DQN,MEDIUM,495,waste_feat_SKU55,0.0002377660991814985,0.0,23,492
DQN,MEDIUM,496,waste_feat_SKU56,0.0002377660991814985,0.0,29,491
DQN,MEDIUM,497,waste_feat_SKU57,0.0002377660991814985,8.660458705140082e-05,30,215
DQN,MEDIUM,498,waste_feat_SKU58,0.0002377660991814984,5.7913964227571024e-05,544,240
DQN,MEDIUM,499,waste_feat_SKU59,0.00023776609918149845,9.341451028552068e-05,234,211
DQN,MEDIUM,500,waste_feat_SKU60,0.00023776609918149845,0.001050013705697777,235,52
DQN,MEDIUM,501,waste_feat_SKU61,0.00023776609918149845,0.0,236,522
DQN,MEDIUM,502,waste_feat_SKU62,0.00023776609918149845,0.0,237,521
DQN,MEDIUM,503,waste_feat_SKU63,0.00023776609918149845,0.0,238,520
DQN,MEDIUM,504,waste_feat_SKU64,0.0002377660991814985,0.0,18,519
DQN,MEDIUM,505,waste_feat_SKU65,0.00023776609918149845,0.0007109790855725918,239,83
DQN,MEDIUM,506,waste_feat_SKU66,0.0002377660991814984,0.0,545,518
DQN,MEDIUM,507,waste_feat_SKU67,0.00023776609918149845,0.00028493243529233636,240,161
DQN,MEDIUM,508,waste_feat_SKU68,0.00023776609918149845,0.0,264,517
DQN,MEDIUM,509,waste_feat_SKU69,0.0002377660991814985,0.0,17,516
DQN,MEDIUM,510,waste_feat_SKU70,0.0002377660991814984,1.8079097354709575e-05,524,292
DQN,MEDIUM,511,waste_feat_SKU71,0.0002377660991814984,0.0,525,515
DQN,MEDIUM,512,waste_feat_SKU72,0.00023776609918149845,1.2152540629939836e-05,224,312
DQN,MEDIUM,513,waste_feat_SKU73,0.0002377660991814984,0.0,554,535
DQN,MEDIUM,514,waste_feat_SKU74,0.00023776609918149845,0.0,225,534
DQN,MEDIUM,515,waste_feat_SKU75,0.0002377660991814984,7.610493734007951e-05,555,222
DQN,MEDIUM,516,waste_feat_SKU76,0.0002377660991814984,0.0004494719219473828,556,128
DQN,MEDIUM,517,waste_feat_SKU77,0.00023776609918149845,0.00044276658552719084,194,132
DQN,MEDIUM,518,waste_feat_SKU78,0.0002377660991814984,0.0,557,533
DQN,MEDIUM,519,waste_feat_SKU79,0.00023776609918149845,0.0003999837394675015,195,141
DQN,MEDIUM,520,waste_feat_SKU80,0.00023776609918149845,0.0012666555710606955,196,35
DQN,MEDIUM,521,waste_feat_SKU81,0.00023776609918149845,0.000370631056497484,229,146
DQN,MEDIUM,522,waste_feat_SKU82,0.0002377660991814984,3.688649012668242e-05,542,260
DQN,MEDIUM,523,waste_feat_SKU83,0.00023776609918149845,0.000462741186282134,230,124
DQN,MEDIUM,524,waste_feat_SKU84,0.00023776609918149845,0.0,231,532
DQN,MEDIUM,525,waste_feat_SKU85,0.0002377660991814984,0.0,543,531
DQN,MEDIUM,526,waste_feat_SKU86,0.00023776609918149845,0.0017659296956072713,232,17
DQN,MEDIUM,527,waste_feat_SKU87,0.00023776609918149845,1.6927634076159778e-05,233,296
DQN,MEDIUM,528,waste_feat_SKU88,0.0002377660991814984,0.00027346399686709017,574,162
DQN,MEDIUM,529,waste_feat_SKU89,0.00023776609918149845,0.0,188,558
DQN,MEDIUM,530,waste_feat_SKU90,0.00023776609918149845,0.0,189,557
DQN,MEDIUM,531,waste_feat_SKU91,0.00023776609918149845,0.0,190,556
DQN,MEDIUM,532,waste_feat_SKU92,0.00023776609918149845,1.3028924310550578e-05,191,307
DQN,MEDIUM,533,waste_feat_SKU93,0.0002377660991814984,0.0,575,555
DQN,MEDIUM,534,waste_feat_SKU94,0.00023776609918149845,4.651074811618835e-05,192,249
DQN,MEDIUM,535,waste_feat_SKU95,0.00023776609918149845,2.1195437363569755e-05,193,288
DQN,MEDIUM,536,waste_feat_SKU96,0.00023776609918149845,0.00010710441905457661,220,206
DQN,MEDIUM,537,waste_feat_SKU97,0.00023776609918149845,0.0,221,554
DQN,MEDIUM,538,waste_feat_SKU98,0.0002377660991814984,0.00021034120998912102,551,172
DQN,MEDIUM,539,waste_feat_SKU99,0.00023776609918149845,0.00015414627788682333,222,191
DQN,MEDIUM,540,waste_feat_SKU100,0.0002377660991814984,0.0004173452719813267,552,136
DQN,MEDIUM,541,waste_feat_SKU101,0.0002377660991814985,0.0006622776474408728,28,89
DQN,MEDIUM,542,waste_feat_SKU102,0.0002377660991814984,0.0,553,553
DQN,MEDIUM,543,waste_feat_SKU103,0.00023776609918149845,0.0007508654332667005,223,81
DQN,MEDIUM,544,waste_feat_SKU104,0.00023776609918149845,0.0,147,552
DQN,MEDIUM,545,waste_feat_SKU105,0.0002377660991814984,0.0,585,569
DQN,MEDIUM,546,waste_feat_SKU106,0.0002377660991814984,0.0,586,568
DQN,MEDIUM,547,waste_feat_SKU107,0.0002377660991814984,0.0,587,567
DQN,MEDIUM,548,waste_feat_SKU108,0.00023776609918149845,7.750594071668171e-06,148,328
DQN,MEDIUM,549,waste_feat_SKU109,0.00023776609918149845,0.0,149,566
DQN,MEDIUM,550,waste_feat_SKU110,0.00023776609918149845,0.0005282225793156504,184,113
DQN,MEDIUM,551,waste_feat_SKU111,0.0002377660991814984,0.00016673710892113882,570,185
DQN,MEDIUM,552,waste_feat_SKU112,0.0002377660991814984,0.00015946728393675342,571,188
DQN,MEDIUM,553,waste_feat_SKU113,0.0002377660991814984,0.0,572,565
DQN,MEDIUM,554,waste_feat_SKU114,0.00023776609918149845,0.0007489296951993766,185,82
DQN,MEDIUM,555,waste_feat_SKU115,0.0002377660991814985,0.0,26,564
DQN,MEDIUM,556,waste_feat_SKU116,0.0002377660991814984,0.0,573,563
DQN,MEDIUM,557,waste_feat_SKU117,0.00023776609918149845,0.0,186,562
DQN,MEDIUM,558,waste_feat_SKU118,0.0002377660991814985,0.0,27,561
DQN,MEDIUM,559,waste_feat_SKU119,0.00023776609918149845,0.0,187,560
DQN,MEDIUM,560,waste_feat_SKU120,0.0002377660991814984,0.0,603,559
DQN,MEDIUM,561,waste_feat_SKU121,0.0002377660991814985,0.0,31,588
DQN,MEDIUM,562,waste_feat_SKU122,0.00023776609918149845,1.5200242230901988e-05,132,299
DQN,MEDIUM,563,waste_feat_SKU123,0.0002377660991814984,2.446548874687062e-05,604,281
DQN,MEDIUM,564,waste_feat_SKU124,0.00023776609918149845,0.0005810177115695037,171,102
DQN,MEDIUM,565,waste_feat_SKU125,0.0002377660991814985,0.0,32,587
DQN,MEDIUM,566,waste_feat_SKU126,0.00023776609918149845,8.025336231161644e-05,172,220
DQN,MEDIUM,567,waste_feat_SKU127,0.0002377660991814985,1.4170197641733422e-06,10,341
DQN,MEDIUM,568,waste_feat_SKU128,0.0002377660991814984,7.397272092291474e-05,583,225
DQN,MEDIUM,569,waste_feat_SKU129,0.0002377660991814984,0.0,584,586
DQN,MEDIUM,570,waste_feat_SKU130,0.00023776609918149845,0.0,173,585
DQN,MEDIUM,571,waste_feat_SKU131,0.00023776609918149845,7.663036101145288e-06,174,330
DQN,MEDIUM,572,waste_feat_SKU132,0.00023776609918149845,0.0,175,584
DQN,MEDIUM,573,waste_feat_SKU133,0.00023776609918149845,2.6129821754329846e-05,176,274
DQN,MEDIUM,574,waste_feat_SKU134,0.00023776609918149845,0.0,177,583
DQN,MEDIUM,575,waste_feat_SKU135,0.00023776609918149845,0.0,146,582
DQN,MEDIUM,576,waste_feat_SKU136,0.0002377660991814984,0.0,617,581
DQN,MEDIUM,577,waste_feat_SKU137,0.0002377660991814984,0.00017695635336107763,618,182
DQN,MEDIUM,578,waste_feat_SKU138,0.00023776609918149845,0.0,118,607
DQN,MEDIUM,579,waste_feat_SKU139,0.0002377660991814984,0.0,596,606
DQN,MEDIUM,580,waste_feat_SKU140,0.00023776609918149845,0.0,158,605
DQN,MEDIUM,581,waste_feat_SKU141,0.0002377660991814984,1.7763593394735644e-05,597,294
DQN,MEDIUM,582,waste_feat_SKU142,0.00023776609918149845,0.0,159,604
DQN,MEDIUM,583,waste_feat_SKU143,0.00023776609918149845,0.0,160,603
DQN,MEDIUM,584,waste_feat_SKU144,0.0002377660991814984,0.0,598,602
DQN,MEDIUM,585,waste_feat_SKU145,0.0002377660991814984,0.0,599,601
DQN,MEDIUM,586,waste_feat_SKU146,0.00023776609918149845,0.0002979849510768946,161,158
DQN,MEDIUM,587,waste_feat_SKU147,0.0002377660991814984,3.58122893745912e-05,600,262
DQN,MEDIUM,588,waste_feat_SKU148,0.00023776609918149845,0.0,130,600
DQN,MEDIUM,589,waste_feat_SKU149,0.0002377660991814984,0.0,601,599
DQN,MEDIUM,590,waste_feat_SKU150,0.0002377660991814984,7.36171858279389e-05,602,226
DQN,MEDIUM,591,waste_feat_SKU151,0.00023776609918149845,0.0009896846247552857,131,57
DQN,MEDIUM,592,waste_feat_SKU152,0.00023776609918149845,0.0012232898974551267,142,38
DQN,MEDIUM,593,waste_feat_SKU153,0.00023776609918149845,0.0,143,621
DQN,MEDIUM,594,waste_feat_SKU154,0.0002377660991814984,0.0,612,620
DQN,MEDIUM,595,waste_feat_SKU155,0.00023776609918149845,4.550635068981887e-06,144,339
DQN,MEDIUM,596,waste_feat_SKU156,0.0002377660991814984,8.118076947174184e-05,613,218
DQN,MEDIUM,597,waste_feat_SKU157,0.00023776609918149845,0.0,145,619
DQN,MEDIUM,598,waste_feat_SKU158,0.0002377660991814985,1.538697946418801e-05,16,298
DQN,MEDIUM,599,waste_feat_SKU159,0.0002377660991814984,0.0,614,618
DQN,MEDIUM,600,waste_feat_SKU160,0.00023776609918149845,0.00019508708098884655,114,178
DQN,MEDIUM,601,waste_feat_SKU161,0.0002377660991814984,2.448678287640532e-05,615,280
DQN,MEDIUM,602,waste_feat_SKU162,0.0002377660991814985,6.308454217694933e-05,13,234
DQN,MEDIUM,603,waste_feat_SKU163,0.0002377660991814984,1.1374613446256125e-05,616,316
DQN,MEDIUM,604,waste_feat_SKU164,0.0002377660991814985,0.0,14,617
DQN,MEDIUM,605,waste_feat_SKU165,0.00023776609918149845,1.2044511032011023e-05,115,314
DQN,MEDIUM,606,waste_feat_SKU166,0.00023776609918149845,8.672525609132698e-05,116,214
DQN,MEDIUM,607,waste_feat_SKU167,0.00023776609918149845,2.0683814828542596e-05,117,290
DQN,MEDIUM,608,waste_feat_SKU168,0.0002377660991814984,0.0,396,616
DQN,MEDIUM,609,waste_feat_SKU169,0.0002377660991814984,0.00037751518895787217,397,144
DQN,MEDIUM,610,waste_feat_SKU170,0.0002377660991814984,6.24532749780017e-05,398,235
DQN,MEDIUM,611,waste_feat_SKU171,0.00023776609918149845,0.0004712617892176918,104,120
DQN,MEDIUM,612,waste_feat_SKU172,0.00023776609918149845,0.0,105,639
DQN,MEDIUM,613,waste_feat_SKU173,0.0002377660991814984,0.0005336174440766969,399,112
DQN,MEDIUM,614,waste_feat_SKU174,0.00023776609918149845,0.0,106,638
DQN,MEDIUM,615,waste_feat_SKU175,0.0002377660991814984,0.0,400,637
DQN,MEDIUM,616,waste_feat_SKU176,0.00023776609918149845,0.0,107,636
DQN,MEDIUM,617,waste_feat_SKU177,0.00023776609918149845,0.0,108,635
DQN,MEDIUM,618,waste_feat_SKU178,0.00023776609918149845,4.470972853565558e-05,109,252
DQN,MEDIUM,619,waste_feat_SKU179,0.0002377660991814984,0.0,401,634
DQN,MEDIUM,620,waste_feat_SKU180,0.00023776609918149845,1.297263250752604e-05,110,308
DQN,MEDIUM,621,waste_feat_SKU181,0.00023776609918149845,0.0,111,633
DQN,MEDIUM,622,waste_feat_SKU182,0.00023776609918149845,0.0,112,632
DQN,MEDIUM,623,waste_feat_SKU183,0.00023776609918149845,0.0,113,631
DQN,MEDIUM,624,waste_feat_SKU184,0.0002377660991814984,0.0,630,630
DQN,MEDIUM,625,waste_feat_SKU185,0.00023776609918149845,0.00012829995571849855,382,199
DQN,MEDIUM,626,waste_feat_SKU186,0.0002377660991814984,1.2631183710218402e-05,648,311
DQN,MEDIUM,627,waste_feat_SKU187,0.00023776609918149845,0.0,383,648
DQN,MEDIUM,628,waste_feat_SKU188,0.00023776609918149845,0.0,384,647
DQN,MEDIUM,629,waste_feat_SKU189,0.00023776609918149845,0.0004610949430259345,385,125
DQN,MEDIUM,630,waste_feat_SKU190,0.0002377660991814984,0.0,649,646
DQN,MEDIUM,631,waste_feat_SKU191,0.0002377660991814984,0.000625584120127293,650,97
DQN,MEDIUM,632,waste_feat_SKU192,0.0002377660991814984,0.0,413,645
DQN,MEDIUM,633,waste_feat_SKU193,0.0002377660991814984,0.0,419,644
DQN,MEDIUM,634,waste_feat_SKU194,0.00023776609918149845,0.0008803582120842642,82,69
DQN,MEDIUM,635,waste_feat_SKU195,0.00023776609918149845,3.349332305314962e-06,83,340
DQN,MEDIUM,636,waste_feat_SKU196,0.00023776609918149845,0.0,84,643
DQN,MEDIUM,637,waste_feat_SKU197,0.00023776609918149845,1.5942125211312924e-05,85,297
DQN,MEDIUM,638,waste_feat_SKU198,0.0002377660991814985,0.0,15,642
DQN,MEDIUM,639,waste_feat_SKU199,0.00023776609918149845,0.0,86,641
DQN,MEDIUM,640,waste_feat_SKU200,0.00023776609918149845,0.0,70,640
DQN,MEDIUM,641,waste_feat_SKU201,0.0002377660991814984,0.0,416,352
DQN,MEDIUM,642,waste_feat_SKU202,0.00023776609918149845,0.0007836183526986079,71,75
DQN,MEDIUM,643,waste_feat_SKU203,0.0002377660991814984,7.582052250094797e-06,417,332
DQN,MEDIUM,644,waste_feat_SKU204,0.00023776609918149845,0.0,72,351
DQN,MEDIUM,645,waste_feat_SKU205,0.0002377660991814984,0.0007855555007967755,418,74
DQN,MEDIUM,646,waste_feat_SKU206,0.00023776609918149834,0.0,652,350
DQN,MEDIUM,647,waste_feat_SKU207,0.0002377660991814984,6.0997050385047065e-05,420,237
DQN,MEDIUM,648,waste_feat_SKU208,0.00023776609918149845,0.0,73,349
DQN,MEDIUM,649,waste_feat_SKU209,0.00023776609918149845,0.0,74,348
DQN,MEDIUM,650,waste_feat_SKU210,0.00023776609918149845,1.409252114209838e-05,75,301
DQN,MEDIUM,651,waste_feat_SKU211,0.00023776609918149845,6.811312975840497e-05,76,229
DQN,MEDIUM,652,waste_feat_SKU212,0.0002377660991814984,0.0,421,347
DQN,MEDIUM,653,waste_feat_SKU213,0.0002377660991814984,0.0,422,346
DQN,MEDIUM,654,waste_feat_SKU214,0.0002377660991814984,0.0,408,345
DQN,MEDIUM,655,waste_feat_SKU215,0.00023776609918149845,0.0,391,344
DQN,MEDIUM,656,waste_feat_SKU216,0.0002377660991814985,2.480222075034745e-05,64,279
DQN,MEDIUM,657,waste_feat_SKU217,0.00023776609918149845,4.811195366117769e-05,389,247
DQN,MEDIUM,658,waste_feat_SKU218,0.0002377660991814984,0.0,407,658
DQN,MEDIUM,659,waste_feat_SKU219,0.00023776609918149845,0.0,390,659
DQN,HARD,0,inventory_SKU0,0.0002268434258198327,0.0,657,660
DQN,HARD,1,inventory_SKU1,0.00022684342581983275,6.314289589932772e-05,14,240
DQN,HARD,2,inventory_SKU2,0.0002268434258198327,0.0,575,369
DQN,HARD,3,inventory_SKU3,0.00022684342581983275,0.0,16,368
DQN,HARD,4,inventory_SKU4,0.0002268434258198327,9.992256313634696e-05,576,213
DQN,HARD,5,inventory_SKU5,0.00022684342581983275,8.943832567322306e-05,18,217
DQN,HARD,6,inventory_SKU6,0.00022684342581983275,0.0,19,367
DQN,HARD,7,inventory_SKU7,0.00022684342581983275,0.0,20,366
DQN,HARD,8,inventory_SKU8,0.00022684342581983275,0.0,21,365
DQN,HARD,9,inventory_SKU9,0.00022684342581983275,6.226086554042344e-05,22,241
DQN,HARD,10,inventory_SKU10,0.00022684342581983275,0.0,23,364
DQN,HARD,11,inventory_SKU11,0.00022684342581983275,0.0,24,363
DQN,HARD,12,inventory_SKU12,0.00022684342581983275,0.00022297800066329324,25,162
DQN,HARD,13,inventory_SKU13,0.00022684342581983275,0.0,26,362
DQN,HARD,14,inventory_SKU14,0.00022684342581983275,0.00022663745507326357,27,160
DQN,HARD,15,inventory_SKU15,0.00022684342581983275,0.0,303,361
DQN,HARD,16,inventory_SKU16,0.00022684342581983275,0.00013237960054555563,274,185
DQN,HARD,17,inventory_SKU17,0.00022684342581983275,0.0,44,360
DQN,HARD,18,inventory_SKU18,0.00022684342581983275,0.0,173,658
DQN,HARD,19,inventory_SKU19,0.00022684342581983275,0.0,28,657
DQN,HARD,20,inventory_SKU20,0.00022684342581983275,7.335826935513554e-06,302,332
DQN,HARD,21,inventory_SKU21,0.00022684342581983275,6.041739538476947e-05,30,242
DQN,HARD,22,inventory_SKU22,0.00022684342581983275,0.0007610644949811662,31,77
DQN,HARD,23,inventory_SKU23,0.00022684342581983275,0.0,32,656
DQN,HARD,24,inventory_SKU24,0.00022684342581983275,0.0003167715833604579,33,138
DQN,HARD,25,inventory_SKU25,0.00022684342581983275,0.0002370837667483904,34,158
DQN,HARD,26,inventory_SKU26,0.00022684342581983275,0.0017166739262512185,35,18
DQN,HARD,27,inventory_SKU27,0.00022684342581983275,0.0006560924561107876,36,87
DQN,HARD,28,inventory_SKU28,0.00022684342581983275,6.883895486790254e-05,37,234
DQN,HARD,29,inventory_SKU29,0.00022684342581983275,5.979656366669765e-05,38,243
DQN,HARD,30,inventory_SKU30,0.00022684342581983275,0.0,39,655
DQN,HARD,31,inventory_SKU31,0.00022684342581983275,0.00013002011026575197,40,187
DQN,HARD,32,inventory_SKU32,0.0002268434258198327,4.5074838613137967e-05,577,255
DQN,HARD,33,inventory_SKU33,0.00022684342581983275,0.0,46,654
DQN,HARD,34,inventory_SKU34,0.00022684342581983275,8.180566430780369e-05,47,225
DQN,HARD,35,inventory_SKU35,0.00022684342581983275,2.883685949041792e-05,48,279
DQN,HARD,36,inventory_SKU36,0.0002268434258198327,0.0,578,645
DQN,HARD,37,inventory_SKU37,0.00022684342581983275,2.3945543176586665e-05,50,294
DQN,HARD,38,inventory_SKU38,0.00022684342581983275,0.0011379913063412524,51,47
DQN,HARD,39,inventory_SKU39,0.00022684342581983275,0.000203782079724277,52,168
DQN,HARD,40,inventory_SKU40,0.00022684342581983275,1.2817617350432056e-05,53,314
DQN,HARD,41,inventory_SKU41,0.00022684342581983275,2.585179313836023e-05,54,289
DQN,HARD,42,inventory_SKU42,0.00022684342581983275,0.0004341167040945444,55,119
DQN,HARD,43,inventory_SKU43,0.00022684342581983275,2.0069277747955237e-05,56,303
DQN,HARD,44,inventory_SKU44,0.00022684342581983275,8.182857642780159e-05,57,224
DQN,HARD,45,inventory_SKU45,0.00022684342581983275,7.678621492428301e-05,58,227
DQN,HARD,46,inventory_SKU46,0.00022684342581983275,0.0001312158886833516,59,186
DQN,HARD,47,inventory_SKU47,0.00022684342581983275,0.0,60,644
DQN,HARD,48,inventory_SKU48,0.00022684342581983275,0.0006753270634376969,61,83
DQN,HARD,49,inventory_SKU49,0.0002268434258198327,0.0009154924807854125,579,62
DQN,HARD,50,inventory_SKU50,0.00022684342581983275,0.0003984173114311007,63,129
DQN,HARD,51,inventory_SKU51,0.00022684342581983275,0.0,64,643
DQN,HARD,52,inventory_SKU52,0.00022684342581983275,0.0,65,642
DQN,HARD,53,inventory_SKU53,0.00022684342581983275,2.045103305267186e-05,66,302
DQN,HARD,54,inventory_SKU54,0.00022684342581983275,0.0,67,641
DQN,HARD,55,inventory_SKU55,0.00022684342581983275,0.0,68,640
DQN,HARD,56,inventory_SKU56,0.0002268434258198327,0.0,580,639
DQN,HARD,57,inventory_SKU57,0.00022684342581983275,0.0,70,638
DQN,HARD,58,inventory_SKU58,0.00022684342581983275,0.0007253154125550656,71,81
DQN,HARD,59,inventory_SKU59,0.00022684342581983275,0.0,72,637
DQN,HARD,60,inventory_SKU60,0.00022684342581983275,0.0005274141039841242,73,104
DQN,HARD,61,inventory_SKU61,0.00022684342581983275,0.0001793222609265289,74,174
DQN,HARD,62,inventory_SKU62,0.00022684342581983275,0.0012757462851842088,75,37
DQN,HARD,63,inventory_SKU63,0.00022684342581983275,1.0683874211176391e-05,76,318
DQN,HARD,64,inventory_SKU64,0.00022684342581983275,0.0,77,636
DQN,HARD,65,inventory_SKU65,0.00022684342581983275,0.00010783670657367532,78,204
DQN,HARD,66,inventory_SKU66,0.00022684342581983275,0.001226857555256515,79,40
DQN,HARD,67,inventory_SKU67,0.0002268434258198327,0.0,581,626
DQN,HARD,68,inventory_SKU68,0.0002268434258198327,8.504888400492186e-06,582,326
DQN,HARD,69,inventory_SKU69,0.00022684342581983275,0.00019636303887227206,82,169
DQN,HARD,70,inventory_SKU70,0.00022684342581983275,0.0,83,625
DQN,HARD,71,inventory_SKU71,0.00022684342581983275,0.0,84,624
DQN,HARD,72,inventory_SKU72,0.00022684342581983275,0.0,85,623
DQN,HARD,73,inventory_SKU73,0.00022684342581983275,0.00017298858579690415,86,176
DQN,HARD,74,inventory_SKU74,0.00022684342581983275,0.0,87,622
DQN,HARD,75,inventory_SKU75,0.00022684342581983275,1.9206279865505996e-05,88,305
DQN,HARD,76,inventory_SKU76,0.00022684342581983275,2.8593191294035353e-05,89,280
DQN,HARD,77,inventory_SKU77,0.00022684342581983275,0.0003629276852659344,90,132
DQN,HARD,78,inventory_SKU78,0.00022684342581983275,0.0,91,621
DQN,HARD,79,inventory_SKU79,0.0002268434258198327,0.00016396297951137457,583,180
DQN,HARD,80,inventory_SKU80,0.00022684342581983275,2.8515695883958036e-05,93,281
DQN,HARD,81,inventory_SKU81,0.00022684342581983275,3.21740196444234e-05,94,272
DQN,HARD,82,inventory_SKU82,0.00022684342581983275,4.501182342997628e-05,95,256
DQN,HARD,83,inventory_SKU83,0.00022684342581983275,0.0,96,597
DQN,HARD,84,inventory_SKU84,0.00022684342581983275,0.0,97,596
DQN,HARD,85,inventory_SKU85,0.00022684342581983275,0.0,98,595
DQN,HARD,86,inventory_SKU86,0.00022684342581983275,0.0,99,594
DQN,HARD,87,inventory_SKU87,0.00022684342581983275,0.0,100,593
DQN,HARD,88,inventory_SKU88,0.00022684342581983275,0.0007549544344145398,101,78
DQN,HARD,89,inventory_SKU89,0.00022684342581983275,0.0,102,592
DQN,HARD,90,inventory_SKU90,0.00022684342581983275,1.00903751255348e-05,103,320
DQN,HARD,91,inventory_SKU91,0.00022684342581983275,0.0,104,591
DQN,HARD,92,inventory_SKU92,0.0002268434258198327,2.617098292486896e-06,584,349
DQN,HARD,93,inventory_SKU93,0.00022684342581983275,0.0,106,590
DQN,HARD,94,inventory_SKU94,0.0002268434258198327,0.001259459931967815,585,39
DQN,HARD,95,inventory_SKU95,0.00022684342581983275,0.0003627336341603854,108,133
DQN,HARD,96,inventory_SKU96,0.0002268434258198327,0.0,586,589
DQN,HARD,97,inventory_SKU97,0.00022684342581983275,0.0,110,588
DQN,HARD,98,inventory_SKU98,0.00022684342581983275,0.0,111,578
DQN,HARD,99,inventory_SKU99,0.00022684342581983275,0.0,112,577
DQN,HARD,100,inventory_SKU100,0.00022684342581983275,0.00012965569766475933,113,188
DQN,HARD,101,inventory_SKU101,0.0002268434258198327,2.957072402034304e-05,587,278
DQN,HARD,102,inventory_SKU102,0.00022684342581983275,0.0,115,576
DQN,HARD,103,inventory_SKU103,0.00022684342581983275,1.1370571804522686e-05,116,316
DQN,HARD,104,inventory_SKU104,0.00022684342581983275,0.0,117,575
DQN,HARD,105,inventory_SKU105,0.00022684342581983275,0.00012096119361457946,118,196
DQN,HARD,106,inventory_SKU106,0.00022684342581983275,7.380412658899325e-05,119,229
DQN,HARD,107,inventory_SKU107,0.00022684342581983275,3.618326799740568e-05,120,269
DQN,HARD,108,inventory_SKU108,0.00022684342581983275,0.0010333813262842835,121,54
DQN,HARD,109,inventory_SKU109,0.0002268434258198327,0.0,588,574
DQN,HARD,110,inventory_SKU110,0.0002268434258198327,5.470030755470902e-05,589,250
DQN,HARD,111,inventory_SKU111,0.00022684342581983275,0.0,124,573
DQN,HARD,112,inventory_SKU112,0.00022684342581983275,9.92584120926232e-05,125,214
DQN,HARD,113,inventory_SKU113,0.00022684342581983275,0.0,126,572
DQN,HARD,114,inventory_SKU114,0.0002268434258198327,0.0,590,551
DQN,HARD,115,inventory_SKU115,0.00022684342581983275,4.346866748296209e-05,128,258
DQN,HARD,116,inventory_SKU116,0.00022684342581983275,0.0,129,550
DQN,HARD,117,inventory_SKU117,0.00022684342581983275,0.0,130,549
DQN,HARD,118,inventory_SKU118,0.00022684342581983275,0.0,131,548
DQN,HARD,119,inventory_SKU119,0.00022684342581983275,0.0,132,547
DQN,HARD,120,inventory_SKU120,0.00022684342581983275,0.0002457294223767852,133,156
DQN,HARD,121,inventory_SKU121,0.00022684342581983275,0.0,134,546
DQN,HARD,122,inventory_SKU122,0.00022684342581983275,0.0017750875508529705,135,16
DQN,HARD,123,inventory_SKU123,0.00022684342581983275,6.513868962934492e-05,136,237
DQN,HARD,124,inventory_SKU124,0.00022684342581983275,0.0,137,545
DQN,HARD,125,inventory_SKU125,0.00022684342581983275,0.0,138,544
DQN,HARD,126,inventory_SKU126,0.00022684342581983275,1.0637822145491546e-05,139,319
DQN,HARD,127,inventory_SKU127,0.00022684342581983275,0.00011506214592539243,140,199
DQN,HARD,128,inventory_SKU128,0.00022684342581983275,0.0,141,543
DQN,HARD,129,inventory_SKU129,0.00022684342581983275,3.9213929284217725e-06,142,345
DQN,HARD,130,inventory_SKU130,0.0002268434258198327,0.0,591,532
DQN,HARD,131,inventory_SKU131,0.00022684342581983275,0.0,144,531
DQN,HARD,132,inventory_SKU132,0.00022684342581983275,0.00010087069267253537,145,212
DQN,HARD,133,inventory_SKU133,0.00022684342581983275,6.752838051226874e-06,146,334
DQN,HARD,134,inventory_SKU134,0.00022684342581983275,0.0,147,530
DQN,HARD,135,inventory_SKU135,0.0002268434258198327,0.0,592,529
DQN,HARD,136,inventory_SKU136,0.00022684342581983275,0.0,149,528
DQN,HARD,137,inventory_SKU137,0.00022684342581983275,0.0,150,527
DQN,HARD,138,inventory_SKU138,0.0002268434258198327,3.972400273156991e-05,593,263
DQN,HARD,139,inventory_SKU139,0.00022684342581983275,4.711540979695426e-06,152,341
DQN,HARD,140,inventory_SKU140,0.0002268434258198327,0.001705553518900004,594,19
DQN,HARD,141,inventory_SKU141,0.00022684342581983275,0.0,154,526
DQN,HARD,142,inventory_SKU142,0.00022684342581983275,0.0010115147478204792,155,56
DQN,HARD,143,inventory_SKU143,0.00022684342581983275,0.0,156,525
DQN,HARD,144,inventory_SKU144,0.00022684342581983275,0.0,157,524
DQN,HARD,145,inventory_SKU145,0.00022684342581983275,2.339215195092977e-05,158,299
DQN,HARD,146,inventory_SKU146,0.00022684342581983275,0.0,159,504
DQN,HARD,147,inventory_SKU147,0.00022684342581983275,2.3668590453575967e-05,160,297
DQN,HARD,148,inventory_SKU148,0.00022684342581983275,8.32489888896722e-05,161,222
DQN,HARD,149,inventory_SKU149,0.00022684342581983275,0.0006466834474616555,162,88
DQN,HARD,150,inventory_SKU150,0.00022684342581983275,0.0004164807297717465,163,123
DQN,HARD,151,inventory_SKU151,0.00022684342581983275,0.0,164,503
DQN,HARD,152,inventory_SKU152,0.00022684342581983275,0.0,165,502
DQN,HARD,153,inventory_SKU153,0.00022684342581983275,0.0,166,501
DQN,HARD,154,inventory_SKU154,0.00022684342581983275,0.0,167,500
DQN,HARD,155,inventory_SKU155,0.00022684342581983275,0.00018608708965062463,168,172
DQN,HARD,156,inventory_SKU156,0.00022684342581983275,8.626175047677118e-06,169,325
DQN,HARD,157,inventory_SKU157,0.00022684342581983275,0.0,170,499
DQN,HARD,158,inventory_SKU158,0.00022684342581983275,8.376280712835507e-05,171,221
DQN,HARD,159,inventory_SKU159,0.00022684342581983275,5.4986066902333146e-05,172,249
DQN,HARD,160,inventory_SKU160,0.0002268434258198327,1.676709310677386e-05,595,310
DQN,HARD,161,inventory_SKU161,0.00022684342581983275,0.00021354902324523977,174,166
DQN,HARD,162,inventory_SKU162,0.00022684342581983275,0.0,175,498
DQN,HARD,163,inventory_SKU163,0.00022684342581983275,0.0008410764753978465,176,69
DQN,HARD,164,inventory_SKU164,0.0002268434258198327,3.7063272860378776e-05,596,268
DQN,HARD,165,inventory_SKU165,0.0002268434258198327,0.0,597,497
DQN,HARD,166,inventory_SKU166,0.0002268434258198327,0.0,598,496
DQN,HARD,167,inventory_SKU167,0.00022684342581983275,0.0,180,495
DQN,HARD,168,inventory_SKU168,0.00022684342581983275,0.0003029847309163684,181,142
DQN,HARD,169,inventory_SKU169,0.00022684342581983275,0.0,182,494
DQN,HARD,170,inventory_SKU170,0.00022684342581983275,0.0,183,493
DQN,HARD,171,inventory_SKU171,0.00022684342581983275,5.5284192655521407e-05,184,248
DQN,HARD,172,inventory_SKU172,0.00022684342581983275,0.0,185,492
DQN,HARD,173,inventory_SKU173,0.00022684342581983275,9.769040689360882e-05,186,215
DQN,HARD,174,inventory_SKU174,0.00022684342581983275,0.0,187,491
DQN,HARD,175,inventory_SKU175,0.00022684342581983275,0.0,188,490
DQN,HARD,176,inventory_SKU176,0.00022684342581983275,0.0,189,489
DQN,HARD,177,inventory_SKU177,0.0002268434258198327,0.0006627509133000484,599,85
DQN,HARD,178,inventory_SKU178,0.0002268434258198327,0.00017032422487970523,600,177
DQN,HARD,179,inventory_SKU179,0.00022684342581983275,4.640575006835981e-06,192,342
DQN,HARD,180,inventory_SKU180,0.00022684342581983275,0.0,193,473
DQN,HARD,181,inventory_SKU181,0.00022684342581983275,0.0006578809021565576,194,86
DQN,HARD,182,inventory_SKU182,0.00022684342581983275,3.799944995281873e-05,195,266
DQN,HARD,183,inventory_SKU183,0.00022684342581983275,0.000843657990328723,196,68
DQN,HARD,184,inventory_SKU184,0.00022684342581983275,0.00010420404942700434,197,208
DQN,HARD,185,inventory_SKU185,0.00022684342581983275,0.0,198,472
DQN,HARD,186,inventory_SKU186,0.00022684342581983275,0.0,199,471
DQN,HARD,187,inventory_SKU187,0.00022684342581983275,0.0,200,470
DQN,HARD,188,inventory_SKU188,0.00022684342581983275,0.0,201,469
DQN,HARD,189,inventory_SKU189,0.00022684342581983275,5.528518725882387e-06,202,339
DQN,HARD,190,inventory_SKU190,0.00022684342581983275,2.6242346207843627e-06,203,348
DQN,HARD,191,inventory_SKU191,0.00022684342581983275,0.0,204,468
DQN,HARD,192,inventory_SKU192,0.00022684342581983275,4.1144162583943715e-05,205,261
DQN,HARD,193,inventory_SKU193,0.00022684342581983275,0.0,206,467
DQN,HARD,194,inventory_SKU194,0.00022684342581983275,3.4626021114590304e-05,207,271
DQN,HARD,195,inventory_SKU195,0.00022684342581983275,0.0,208,466
DQN,HARD,196,inventory_SKU196,0.00022684342581983275,0.0,209,465
DQN,HARD,197,inventory_SKU197,0.00022684342581983275,0.00010373848679397999,210,209
DQN,HARD,198,inventory_SKU198,0.00022684342581983275,0.00012141850654398649,211,192
DQN,HARD,199,inventory_SKU199,0.00022684342581983275,0.0,212,464
DQN,HARD,200,inventory_SKU200,0.00022684342581983275,2.8198528420438645e-05,213,284
DQN,HARD,201,inventory_SKU201,0.00022684342581983275,0.0,214,463
DQN,HARD,202,inventory_SKU202,0.00022684342581983275,0.0004031297999089928,215,128
DQN,HARD,203,inventory_SKU203,0.00022684342581983275,0.0,216,462
DQN,HARD,204,inventory_SKU204,0.00022684342581983275,0.0,217,461
DQN,HARD,205,inventory_SKU205,0.00022684342581983275,0.0,218,460
DQN,HARD,206,inventory_SKU206,0.00022684342581983275,0.0,219,459
DQN,HARD,207,inventory_SKU207,0.00022684342581983275,0.0,220,458
DQN,HARD,208,inventory_SKU208,0.00022684342581983275,3.1562025162160423e-06,221,347
DQN,HARD,209,inventory_SKU209,0.00022684342581983275,1.3180087641285014e-05,222,313
DQN,HARD,210,inventory_SKU210,0.00022684342581983275,0.0007928738103537023,223,72
DQN,HARD,211,inventory_SKU211,0.00022684342581983275,0.0,224,450
DQN,HARD,212,inventory_SKU212,0.00022684342581983275,7.312507029634241e-05,225,231
DQN,HARD,213,inventory_SKU213,0.0002268434258198327,0.0,601,449
DQN,HARD,214,inventory_SKU214,0.00022684342581983275,3.9098794723681886e-05,227,264
DQN,HARD,215,inventory_SKU215,0.0002268434258198327,0.0,602,448
DQN,HARD,216,inventory_SKU216,0.00022684342581983275,0.0,229,447
DQN,HARD,217,inventory_SKU217,0.00022684342581983275,0.0,230,446
DQN,HARD,218,inventory_SKU218,0.00022684342581983275,0.0,231,445
DQN,HARD,219,inventory_SKU219,0.0002268434258198327,0.0,603,444
DQN,HARD,220,sales_SKU0,0.00022684342581983275,0.0,233,443
DQN,HARD,221,sales_SKU1,0.00022684342581983275,0.0004330048962052703,234,120
DQN,HARD,222,sales_SKU2,0.00022684342581983275,0.0003514714119825235,235,135
DQN,HARD,223,sales_SKU3,0.00022684342581983275,0.0017938580127585004,236,15
DQN,HARD,224,sales_SKU4,0.00022684342581983275,0.00011853736891584284,237,197
DQN,HARD,225,sales_SKU5,0.00022684342581983275,3.1325819076472014e-05,238,273
DQN,HARD,226,sales_SKU6,0.00022684342581983275,0.00021386642203647914,239,165
DQN,HARD,227,sales_SKU7,0.00022684342581983275,0.0,240,438
DQN,HARD,228,sales_SKU8,0.00022684342581983275,0.0016141738688891134,241,25
DQN,HARD,229,sales_SKU9,0.00022684342581983275,0.0,242,437
DQN,HARD,230,sales_SKU10,0.00022684342581983275,0.00012131551060942846,243,193
DQN,HARD,231,sales_SKU11,0.0002268434258198327,0.0,604,436
DQN,HARD,232,sales_SKU12,0.00022684342581983275,0.0,245,435
DQN,HARD,233,sales_SKU13,0.0002268434258198327,0.0,605,434
DQN,HARD,234,sales_SKU14,0.00022684342581983275,0.00035873099211613304,247,134
DQN,HARD,235,sales_SKU15,0.00022684342581983275,0.001974059508117539,248,10
DQN,HARD,236,sales_SKU16,0.00022684342581983275,0.0016240223337819137,249,24
DQN,HARD,237,sales_SKU17,0.00022684342581983275,0.0018084421655229369,250,13
DQN,HARD,238,sales_SKU18,0.00022684342581983275,0.0001498107720304074,251,181
DQN,HARD,239,sales_SKU19,0.00022684342581983275,0.0005551619242010504,252,98
DQN,HARD,240,sales_SKU20,0.00022684342581983275,0.0002742131275307751,254,153
DQN,HARD,241,sales_SKU21,0.0007758561684356591,0.0,3,433
DQN,HARD,242,sales_SKU22,0.00022684342581983275,0.001204899178750974,255,43
DQN,HARD,243,sales_SKU23,0.00022684342581983275,0.0010682999331658965,256,52
DQN,HARD,244,sales_SKU24,0.00022684342581983275,0.0,257,427
DQN,HARD,245,sales_SKU25,0.00022684342581983275,8.10644521123842e-05,258,226
DQN,HARD,246,sales_SKU26,0.00022684342581983275,0.0,259,426
DQN,HARD,247,sales_SKU27,0.00022684342581983275,0.0001781744557331151,260,175
DQN,HARD,248,sales_SKU28,0.00022684342581983275,0.0001806040928932073,261,173
DQN,HARD,249,sales_SKU29,0.0002268434258198327,0.0,607,425
DQN,HARD,250,sales_SKU30,0.00022684342581983275,0.00022090564692054567,263,163
DQN,HARD,251,sales_SKU31,0.00022684342581983275,0.0017238898539714857,264,17
DQN,HARD,252,sales_SKU32,0.00022684342581983275,1.9790588629507375e-05,265,304
DQN,HARD,253,sales_SKU33,0.00022684342581983275,0.0006004467342769996,266,95
DQN,HARD,254,sales_SKU34,0.00022684342581983275,0.0,267,424
DQN,HARD,255,sales_SKU35,0.00022684342581983275,0.0,268,423
DQN,HARD,256,sales_SKU36,0.00022684342581983275,8.679424388923308e-06,270,324
DQN,HARD,257,sales_SKU37,0.0002268434258198327,0.0024071160735307812,608,5
DQN,HARD,258,sales_SKU38,0.00022684342581983275,9.123874607916446e-05,272,216
DQN,HARD,259,sales_SKU39,0.0002268434258198327,0.0016707944647631281,609,21
DQN,HARD,260,sales_SKU40,0.0002268434258198327,2.4368850993767537e-05,610,292
DQN,HARD,261,sales_SKU41,0.00022684342581983275,0.0,275,422
DQN,HARD,262,sales_SKU42,0.00022684342581983275,0.0,276,421
DQN,HARD,263,sales_SKU43,0.00022684342581983275,0.0006746556644954008,277,84
DQN,HARD,264,sales_SKU44,0.00022684342581983275,0.0005893971721743239,278,96
DQN,HARD,265,sales_SKU45,0.00022684342581983275,0.0,279,420
DQN,HARD,266,sales_SKU46,0.00022684342581983275,0.0,280,419
DQN,HARD,267,sales_SKU47,0.00022684342581983275,0.0004913695783827841,281,108
DQN,HARD,268,sales_SKU48,0.00022684342581983275,0.0002541863597359628,282,155
DQN,HARD,269,sales_SKU49,0.00022684342581983275,0.0007637975662075063,283,75
DQN,HARD,270,sales_SKU50,0.00022684342581983275,0.0009298890779001732,284,60
DQN,HARD,271,sales_SKU51,0.0002268434258198327,0.002671175300205605,606,3
DQN,HARD,272,sales_SKU52,0.00022684342581983275,0.00019616361791406536,287,170
DQN,HARD,273,sales_SKU53,0.00022684342581983275,0.0,288,418
DQN,HARD,274,sales_SKU54,0.00022684342581983275,0.0,289,410
DQN,HARD,275,sales_SKU55,0.0002268434258198327,0.00030853842383440347,612,141
DQN,HARD,276,sales_SKU56,0.000703848604449634,0.00045579299549997174,4,115
DQN,HARD,277,sales_SKU57,0.00022684342581983275,0.0010127239330877027,291,55
DQN,HARD,278,sales_SKU58,0.00022684342581983275,0.0006296504457997471,292,90
DQN,HARD,279,sales_SKU59,0.00022684342581983275,8.402765488603578e-05,293,219
DQN,HARD,280,sales_SKU60,0.00022684342581983275,0.0,294,409
DQN,HARD,281,sales_SKU61,0.00022684342581983275,0.0001249373545749575,295,189
DQN,HARD,282,sales_SKU62,0.00022684342581983275,0.000490579130823764,296,109
DQN,HARD,283,sales_SKU63,0.00022684342581983275,0.0011211960063942038,297,49
DQN,HARD,284,sales_SKU64,0.00022684342581983275,0.0,298,408
DQN,HARD,285,sales_SKU65,0.00022684342581983275,0.0,299,407
DQN,HARD,286,sales_SKU66,0.00022684342581983275,0.0,300,406
DQN,HARD,287,sales_SKU67,0.00022684342581983275,0.00012125455564619771,269,194
DQN,HARD,288,sales_SKU68,0.00022684342581983275,8.843341593481813e-06,305,323
DQN,HARD,289,sales_SKU69,0.00022684342581983275,2.3074012613965532e-05,306,300
DQN,HARD,290,sales_SKU70,0.00022684342581983275,0.0,307,405
DQN,HARD,291,sales_SKU71,0.00022684342581983275,9.439300332558254e-06,308,321
DQN,HARD,292,sales_SKU72,0.00022684342581983275,0.00010682556187674636,309,205
DQN,HARD,293,sales_SKU73,0.00022684342581983275,0.00014961562092423604,310,182
DQN,HARD,294,sales_SKU74,0.0006276773423040012,0.0,6,404
DQN,HARD,295,sales_SKU75,0.00022684342581983275,0.0008368425925084416,311,70
DQN,HARD,296,sales_SKU76,0.00022684342581983275,0.000435663769023144,312,118
DQN,HARD,297,sales_SKU77,0.00022684342581983275,0.0,313,403
DQN,HARD,298,sales_SKU78,0.00022684342581983275,3.1324656174790515e-05,314,274
DQN,HARD,299,sales_SKU79,0.00022684342581983275,0.0007865149296161189,315,73
DQN,HARD,300,sales_SKU80,0.0005232043537421788,0.0,9,402
DQN,HARD,301,sales_SKU81,0.00022684342581983275,0.0,316,401
DQN,HARD,302,sales_SKU82,0.0002268434258198327,0.0,611,400
DQN,HARD,303,sales_SKU83,0.00022684342581983275,0.00012368140983599633,286,190
DQN,HARD,304,sales_SKU84,0.00022684342581983275,0.0,322,399
DQN,HARD,305,sales_SKU85,0.00022684342581983275,0.00034226052963392487,323,137
DQN,HARD,306,sales_SKU86,0.00022684342581983275,0.00028212849449675656,324,149
DQN,HARD,307,sales_SKU87,0.00022684342581983275,0.0002167227040164023,325,164
DQN,HARD,308,sales_SKU88,0.00022684342581983275,0.0,326,392
DQN,HARD,309,sales_SKU89,0.00022684342581983275,0.0008688261041336415,327,66
DQN,HARD,310,sales_SKU90,0.00022684342581983275,0.0003757217825798833,328,130
DQN,HARD,311,sales_SKU91,0.00022684342581983275,0.000542800663023925,329,100
DQN,HARD,312,sales_SKU92,0.00022684342581983275,0.0002986602135897929,330,144
DQN,HARD,313,sales_SKU93,0.0006276773423040012,0.0021716984408709232,5,8
DQN,HARD,314,sales_SKU94,0.00022684342581983275,0.0,331,391
DQN,HARD,315,sales_SKU95,0.00022684342581983275,0.0002897239114904771,332,147
DQN,HARD,316,sales_SKU96,0.00022684342581983275,0.0,301,390
DQN,HARD,317,sales_SKU97,0.0002268434258198327,0.0011569820742374974,613,44
DQN,HARD,318,sales_SKU98,0.0002268434258198327,0.0016594673133393288,614,22
DQN,HARD,319,sales_SKU99,0.00022684342581983275,0.0,304,389
DQN,HARD,320,sales_SKU100,0.00022684342581983275,0.0,340,388
DQN,HARD,321,sales_SKU101,0.00022684342581983275,0.0015848614078616413,341,26
DQN,HARD,322,sales_SKU102,0.00022684342581983275,0.0005002311894051511,342,107
DQN,HARD,323,sales_SKU103,0.00022684342581983275,3.886425601532596e-05,343,265
DQN,HARD,324,sales_SKU104,0.00022684342581983275,0.0004410893945817587,344,117
DQN,HARD,325,sales_SKU105,0.0008955324719094606,0.0,1,387
DQN,HARD,326,sales_SKU106,0.00022684342581983275,0.0011405089265096977,345,45
DQN,HARD,327,sales_SKU107,0.00022684342581983275,0.0,346,386
DQN,HARD,328,sales_SKU108,0.00022684342581983275,0.0,347,385
DQN,HARD,329,sales_SKU109,0.00022684342581983275,0.000169631475661943,348,178
DQN,HARD,330,sales_SKU110,0.00022684342581983275,0.00023444333282745497,317,159
DQN,HARD,331,sales_SKU111,0.00022684342581983275,5.6951744699209787e-05,318,247
DQN,HARD,332,sales_SKU112,0.0008459530922742203,0.001650613949712662,2,23
DQN,HARD,333,sales_SKU113,0.00022684342581983275,0.0,319,384
DQN,HARD,334,sales_SKU114,0.00022684342581983275,0.0,320,383
DQN,HARD,335,sales_SKU115,0.00022684342581983275,0.00029058741643828243,321,146
DQN,HARD,336,sales_SKU116,0.00022684342581983275,0.0006025960891939602,354,94
DQN,HARD,337,sales_SKU117,0.00022684342581983275,0.0002806425315007917,355,150
DQN,HARD,338,sales_SKU118,0.00022684342581983275,0.0,356,373
DQN,HARD,339,sales_SKU119,0.00022684342581983275,0.0014827462612472585,357,28
DQN,HARD,340,sales_SKU120,0.0002268434258198328,0.00024312524811354413,10,157
DQN,HARD,341,sales_SKU121,0.0002268434258198327,0.0019102922383220898,631,11
DQN,HARD,342,sales_SKU122,0.00022684342581983275,0.0,358,372
DQN,HARD,343,sales_SKU123,0.00022684342581983275,8.007914473859282e-06,359,327
DQN,HARD,344,sales_SKU124,0.00022684342581983275,0.001999720499498951,360,9
DQN,HARD,345,sales_SKU125,0.00022684342581983275,5.84099646641556e-05,333,245
DQN,HARD,346,sales_SKU126,0.00022684342581983275,2.7195205368738772e-05,334,285
DQN,HARD,347,sales_SKU127,0.00022684342581983275,0.0,335,371
DQN,HARD,348,sales_SKU128,0.00022684342581983275,0.002785291316412003,336,2
DQN,HARD,349,sales_SKU129,0.00022684342581983275,0.0001460958775107745,337,183
DQN,HARD,350,sales_SKU130,0.00022684342581983275,0.0,338,370
DQN,HARD,351,sales_SKU131,0.00022684342581983275,6.490678156887591e-05,339,238
DQN,HARD,352,sales_SKU132,0.00022684342581983275,0.0004079878365943863,370,125
DQN,HARD,353,sales_SKU133,0.00022684342581983275,0.00120831611260659,371,42
DQN,HARD,354,sales_SKU134,0.00022684342581983275,0.0,372,382
DQN,HARD,355,sales_SKU135,0.0002268434258198327,0.0,659,381
DQN,HARD,356,sales_SKU136,0.00022684342581983275,0.0,373,380
DQN,HARD,357,sales_SKU137,0.00022684342581983275,0.0005306434003644877,374,102
DQN,HARD,358,sales_SKU138,0.00022684342581983275,0.0004087093474555718,349,124
DQN,HARD,359,sales_SKU139,0.0002268434258198327,1.361637114847133e-05,646,312
DQN,HARD,360,sales_SKU140,0.00022684342581983275,0.0,350,379
DQN,HARD,361,sales_SKU141,0.0006022689812899846,0.0,8,378
DQN,HARD,362,sales_SKU142,0.00022684342581983275,0.0017941577092966906,351,14
DQN,HARD,363,sales_SKU143,0.000616699006135347,0.0,7,377
DQN,HARD,364,sales_SKU144,0.00022684342581983275,0.0,352,376
DQN,HARD,365,sales_SKU145,0.0002268434258198327,0.0002777020199629582,616,151
DQN,HARD,366,sales_SKU146,0.0002268434258198327,0.0007326965255278795,633,80
DQN,HARD,367,sales_SKU147,0.00022684342581983275,0.0,353,375
DQN,HARD,368,sales_SKU148,0.00022684342581983275,0.0,385,374
DQN,HARD,369,sales_SKU149,0.00022684342581983275,2.359904041045789e-05,386,298
DQN,HARD,370,sales_SKU150,0.00022684342581983275,0.0,387,398
DQN,HARD,371,sales_SKU151,0.00022684342581983275,0.001092922761149068,388,50
DQN,HARD,372,sales_SKU152,0.00022684342581983275,0.0,389,397
DQN,HARD,373,sales_SKU153,0.00022684342581983275,1.7038405001895412e-05,361,309
DQN,HARD,374,sales_SKU154,0.0002268434258198328,0.002287874094037112,11,6
DQN,HARD,375,sales_SKU155,0.00022684342581983275,0.0,362,396
DQN,HARD,376,sales_SKU156,0.00022684342581983275,6.7052343355771855e-06,363,335
DQN,HARD,377,sales_SKU157,0.00022684342581983275,0.0013808770385058502,364,30
DQN,HARD,378,sales_SKU158,0.00022684342581983275,0.0,365,395
DQN,HARD,379,sales_SKU159,0.00022684342581983275,0.0025652586360437584,366,4
DQN,HARD,380,sales_SKU160,0.00022684342581983275,0.0,367,394
DQN,HARD,381,sales_SKU161,0.0002268434258198327,0.0,655,393
DQN,HARD,382,sales_SKU162,0.00022684342581983275,0.0005341221939792489,368,101
DQN,HARD,383,sales_SKU163,0.00022684342581983275,0.00030292460791518227,369,143
DQN,HARD,384,sales_SKU164,0.0002268434258198327,0.00027444615378549467,621,152
DQN,HARD,385,sales_SKU165,0.00022684342581983275,0.0006195722382655979,400,92
DQN,HARD,386,sales_SKU166,0.00022684342581983275,0.00028956088065794914,401,148
DQN,HARD,387,sales_SKU167,0.00022684342581983275,0.0003509015578967764,402,136
DQN,HARD,388,sales_SKU168,0.0002268434258198327,0.0004198772227337717,643,122
DQN,HARD,389,sales_SKU169,0.00022684342581983275,0.0,375,417
DQN,HARD,390,sales_SKU170,0.00022684342581983275,0.0004902873693388484,376,110
DQN,HARD,391,sales_SKU171,0.00022684342581983275,0.0,377,416
DQN,HARD,392,sales_SKU172,0.00022684342581983275,0.0013786691455668098,378,31
DQN,HARD,393,sales_SKU173,0.00022684342581983275,0.0,379,415
DQN,HARD,394,sales_SKU174,0.00022684342581983275,0.0016905364070024904,380,20
DQN,HARD,395,sales_SKU175,0.00022684342581983275,0.0,381,414
DQN,HARD,396,sales_SKU176,0.00022684342581983275,0.0,382,413
DQN,HARD,397,sales_SKU177,0.0002268434258198327,0.001343940884140964,652,34
DQN,HARD,398,sales_SKU178,0.00022684342581983275,0.0,383,412
DQN,HARD,399,sales_SKU179,0.00022684342581983275,2.4031198642502157e-05,384,293
DQN,HARD,400,sales_SKU180,0.00022684342581983275,5.840944266871327e-05,412,246
DQN,HARD,401,sales_SKU181,0.00022684342581983275,0.0,413,411
DQN,HARD,402,sales_SKU182,0.0002268434258198327,0.0007612519860597612,647,76
DQN,HARD,403,sales_SKU183,0.00022684342581983275,0.0021775240785196167,414,7
DQN,HARD,404,sales_SKU184,0.00022684342581983275,0.0,415,432
DQN,HARD,405,sales_SKU185,0.00022684342581983275,0.0034784780588982566,390,1
DQN,HARD,406,sales_SKU186,0.00022684342581983275,2.9716400167505796e-05,391,277
DQN,HARD,407,sales_SKU187,0.00022684342581983275,0.0006370608226422803,392,89
DQN,HARD,408,sales_SKU188,0.0002268434258198327,0.0,627,431
DQN,HARD,409,sales_SKU189,0.00022684342581983275,1.7150424339232355e-05,393,308
DQN,HARD,410,sales_SKU190,0.00022684342581983275,0.00029403763727530173,394,145
DQN,HARD,411,sales_SKU191,0.00022684342581983275,0.0007014256396230797,395,82
DQN,HARD,412,sales_SKU192,0.00022684342581983275,0.0,396,430
DQN,HARD,413,sales_SKU193,0.00022684342581983275,0.0,397,429
DQN,HARD,414,sales_SKU194,0.00022684342581983275,7.450288126753057e-05,398,228
DQN,HARD,415,sales_SKU195,0.00022684342581983275,0.0005124144048568412,399,106
DQN,HARD,416,sales_SKU196,0.00022684342581983275,0.0004201232180161358,424,121
DQN,HARD,417,sales_SKU197,0.00022684342581983275,0.0,425,428
DQN,HARD,418,sales_SKU198,0.00022684342581983275,6.998144700657336e-05,426,232
DQN,HARD,419,sales_SKU199,0.00022684342581983275,0.0,427,442
DQN,HARD,420,sales_SKU200,0.00022684342581983275,3.1700570445085065e-06,403,346
DQN,HARD,421,sales_SKU201,0.00022684342581983275,0.0,404,441
DQN,HARD,422,sales_SKU202,0.00022684342581983275,0.0009652405476343216,405,57
DQN,HARD,423,sales_SKU203,0.00022684342581983275,0.0,406,440
DQN,HARD,424,sales_SKU204,0.00022684342581983275,0.00010241848130362409,407,211
DQN,HARD,425,sales_SKU205,0.00022684342581983275,0.0005867230799686735,408,97
DQN,HARD,426,sales_SKU206,0.0002268434258198327,0.0,625,439
DQN,HARD,427,sales_SKU207,0.00022684342581983275,0.001134550629386054,409,48
DQN,HARD,428,sales_SKU208,0.0002268434258198327,6.895112043315192e-05,629,233
DQN,HARD,429,sales_SKU209,0.00022684342581983275,0.00010954154818100733,410,202
DQN,HARD,430,sales_SKU210,0.0002268434258198328,0.0008884378370038914,12,65
DQN,HARD,431,sales_SKU211,0.00022684342581983275,0.000960852165794374,411,59
DQN,HARD,432,sales_SKU212,0.0002268434258198327,0.0013456712333213354,632,33
DQN,HARD,433,sales_SKU213,0.00022684342581983275,6.442028003956879e-06,440,336
DQN,HARD,434,sales_SKU214,0.00022684342581983275,8.731505886824964e-05,441,218
DQN,HARD,435,sales_SKU215,0.00022684342581983275,0.0,442,457
DQN,HARD,436,sales_SKU216,0.00022684342581983275,0.0018640864677840767,416,12
DQN,HARD,437,sales_SKU217,0.00022684342581983275,0.0005292150199155065,417,103
DQN,HARD,438,sales_SKU218,0.0002268434258198327,4.9624895482017515e-05,617,254
DQN,HARD,439,sales_SKU219,0.00022684342581983275,0.0004665409961051069,418,113
DQN,HARD,440,waste_feat_SKU0,0.0002268434258198327,0.0,623,456
DQN,HARD,441,waste_feat_SKU1,0.00022684342581983275,0.0,419,455
DQN,HARD,442,waste_feat_SKU2,0.0002268434258198327,0.00011040321852224322,626,201
DQN,HARD,443,waste_feat_SKU3,0.00022684342581983275,0.0,420,454
DQN,HARD,444,waste_feat_SKU4,0.0002268434258198327,0.0004758919628316431,628,112
DQN,HARD,445,waste_feat_SKU5,0.00022684342581983275,0.0,421,453
DQN,HARD,446,waste_feat_SKU6,0.00022684342581983275,0.0,422,452
DQN,HARD,447,waste_feat_SKU7,0.00022684342581983275,0.0,423,451
DQN,HARD,448,waste_feat_SKU8,0.00022684342581983275,8.300954207477342e-05,453,223
DQN,HARD,449,waste_feat_SKU9,0.00022684342581983275,4.483629699307033e-06,454,343
DQN,HARD,450,waste_feat_SKU10,0.00022684342581983275,0.0,455,481
DQN,HARD,451,waste_feat_SKU11,0.00022684342581983275,0.0004464707498784256,456,116
DQN,HARD,452,waste_feat_SKU12,0.00022684342581983275,0.00010551106214477042,428,207
DQN,HARD,453,waste_feat_SKU13,0.00022684342581983275,0.0,429,480
DQN,HARD,454,waste_feat_SKU14,0.00022684342581983275,4.302541690284832e-05,430,259
DQN,HARD,455,waste_feat_SKU15,0.00022684342581983275,0.00011555522041064834,431,198
DQN,HARD,456,waste_feat_SKU16,0.00022684342581983275,0.0,432,479
DQN,HARD,457,waste_feat_SKU17,0.00022684342581983275,0.00011274248724183623,433,200
DQN,HARD,458,waste_feat_SKU18,0.00022684342581983275,0.0,434,478
DQN,HARD,459,waste_feat_SKU19,0.00022684342581983275,0.0,435,477
DQN,HARD,460,waste_feat_SKU20,0.00022684342581983275,0.0012691841132741169,436,38
DQN,HARD,461,waste_feat_SKU21,0.00022684342581983275,0.0,437,476
DQN,HARD,462,waste_feat_SKU22,0.00022684342581983275,0.0,438,475
DQN,HARD,463,waste_feat_SKU23,0.00022684342581983275,0.0,439,474
DQN,HARD,464,waste_feat_SKU24,0.00022684342581983275,0.0015401682885218915,468,27
DQN,HARD,465,waste_feat_SKU25,0.00022684342581983275,5.457839769224102e-05,469,251
DQN,HARD,466,waste_feat_SKU26,0.00022684342581983275,4.8554138656859314e-06,470,340
DQN,HARD,467,waste_feat_SKU27,0.00022684342581983275,0.0,471,488
DQN,HARD,468,waste_feat_SKU28,0.00022684342581983275,0.00025643537788038975,443,154
DQN,HARD,469,waste_feat_SKU29,0.00022684342581983275,0.0,444,487
DQN,HARD,470,waste_feat_SKU30,0.00022684342581983275,1.2249900319802757e-05,445,315
DQN,HARD,471,waste_feat_SKU31,0.00022684342581983275,0.0009151702543554197,446,63
DQN,HARD,472,waste_feat_SKU32,0.0002268434258198327,3.1037610555186495e-05,660,275
DQN,HARD,473,waste_feat_SKU33,0.00022684342581983275,0.0,447,486
DQN,HARD,474,waste_feat_SKU34,0.00022684342581983275,0.0,448,485
DQN,HARD,475,waste_feat_SKU35,0.00022684342581983275,0.00031080245712617263,449,139
DQN,HARD,476,waste_feat_SKU36,0.0002268434258198327,0.0009628061804224248,622,58
DQN,HARD,477,waste_feat_SKU37,0.00022684342581983275,0.0,450,484
DQN,HARD,478,waste_feat_SKU38,0.00022684342581983275,0.0,451,483
DQN,HARD,479,waste_feat_SKU39,0.00022684342581983275,6.605307195502606e-05,452,235
DQN,HARD,480,waste_feat_SKU40,0.00022684342581983275,0.0,482,482
DQN,HARD,481,waste_feat_SKU41,0.00022684342581983275,0.0013272262502966052,483,35
DQN,HARD,482,waste_feat_SKU42,0.00022684342581983275,0.0,484,512
DQN,HARD,483,waste_feat_SKU43,0.00022684342581983275,0.0,485,511
DQN,HARD,484,waste_feat_SKU44,0.00022684342581983275,2.2823172722942124e-05,457,301
DQN,HARD,485,waste_feat_SKU45,0.00022684342581983275,0.00013244864968299007,458,184
DQN,HARD,486,waste_feat_SKU46,0.00022684342581983275,0.0014228174503758777,459,29
DQN,HARD,487,waste_feat_SKU47,0.00022684342581983275,0.0,460,510
DQN,HARD,488,waste_feat_SKU48,0.00022684342581983275,0.0,461,509
DQN,HARD,489,waste_feat_SKU49,0.0002268434258198327,0.0,648,508
DQN,HARD,490,waste_feat_SKU50,0.00022684342581983275,0.0,462,507
DQN,HARD,491,waste_feat_SKU51,0.00022684342581983275,0.0004620896534908136,463,114
DQN,HARD,492,waste_feat_SKU52,0.00022684342581983275,0.0005270674436904387,464,105
DQN,HARD,493,waste_feat_SKU53,0.00022684342581983275,0.0,465,506
DQN,HARD,494,waste_feat_SKU54,0.00022684342581983275,0.00012110493272043685,466,195
DQN,HARD,495,waste_feat_SKU55,0.00022684342581983275,0.0,467,505
DQN,HARD,496,waste_feat_SKU56,0.0002268434258198327,1.0852062682430336e-05,630,317
DQN,HARD,497,waste_feat_SKU57,0.00022684342581983275,0.0010385976188782826,497,53
DQN,HARD,498,waste_feat_SKU58,0.00022684342581983275,0.0,498,523
DQN,HARD,499,waste_feat_SKU59,0.00022684342581983275,0.0,499,522
DQN,HARD,500,waste_feat_SKU60,0.00022684342581983275,6.9644423332683255e-06,472,333
DQN,HARD,501,waste_feat_SKU61,0.00022684342581983275,0.0,473,521
DQN,HARD,502,waste_feat_SKU62,0.00022684342581983275,0.0,474,520
DQN,HARD,503,waste_feat_SKU63,0.00022684342581983275,0.0,475,519
DQN,HARD,504,waste_feat_SKU64,0.00022684342581983275,0.0,476,518
DQN,HARD,505,waste_feat_SKU65,0.00022684342581983275,0.0,477,517
DQN,HARD,506,waste_feat_SKU66,0.00022684342581983275,0.0011383054556573157,478,46
DQN,HARD,507,waste_feat_SKU67,0.0002268434258198327,0.0,636,516
DQN,HARD,508,waste_feat_SKU68,0.0002268434258198327,0.0,638,515
DQN,HARD,509,waste_feat_SKU69,0.00022684342581983275,3.799702221182075e-05,479,267
DQN,HARD,510,waste_feat_SKU70,0.00022684342581983275,0.0,480,514
DQN,HARD,511,waste_feat_SKU71,0.00022684342581983275,2.6749100835884582e-05,481,287
DQN,HARD,512,waste_feat_SKU72,0.00022684342581983275,0.0,508,513
DQN,HARD,513,waste_feat_SKU73,0.00022684342581983275,0.00010784509283262267,509,203
DQN,HARD,514,waste_feat_SKU74,0.00022684342581983275,0.0,510,542
DQN,HARD,515,waste_feat_SKU75,0.00022684342581983275,6.360310037230305e-05,511,239
DQN,HARD,516,waste_feat_SKU76,0.00022684342581983275,0.0,486,541
DQN,HARD,517,waste_feat_SKU77,0.00022684342581983275,0.0,487,540
DQN,HARD,518,waste_feat_SKU78,0.00022684342581983275,0.0,488,539
DQN,HARD,519,waste_feat_SKU79,0.0002268434258198327,0.0,618,538
DQN,HARD,520,waste_feat_SKU80,0.00022684342581983275,0.00010663070797489872,489,206
DQN,HARD,521,waste_feat_SKU81,0.00022684342581983275,0.00012170948156472615,490,191
DQN,HARD,522,waste_feat_SKU82,0.00022684342581983275,3.506979261479498e-05,491,270
DQN,HARD,523,waste_feat_SKU83,0.00022684342581983275,0.0,492,537
DQN,HARD,524,waste_feat_SKU84,0.00022684342581983275,0.0007847174719277734,493,74
DQN,HARD,525,waste_feat_SKU85,0.00022684342581983275,0.0,494,536
DQN,HARD,526,waste_feat_SKU86,0.00022684342581983275,0.0,495,535
DQN,HARD,527,waste_feat_SKU87,0.00022684342581983275,0.0006204267170415276,496,91
DQN,HARD,528,waste_feat_SKU88,0.00022684342581983275,0.0,521,534
DQN,HARD,529,waste_feat_SKU89,0.00022684342581983275,0.0,522,533
DQN,HARD,530,waste_feat_SKU90,0.00022684342581983275,0.0,523,561
DQN,HARD,531,waste_feat_SKU91,0.00022684342581983275,4.182843889732759e-06,524,344
DQN,HARD,532,waste_feat_SKU92,0.0002268434258198327,9.378192947732226e-06,634,322
DQN,HARD,533,waste_feat_SKU93,0.00022684342581983275,0.0009062622813589129,500,64
DQN,HARD,534,waste_feat_SKU94,0.0002268434258198327,0.0,637,560
DQN,HARD,535,waste_feat_SKU95,0.00022684342581983275,0.0,501,559
DQN,HARD,536,waste_feat_SKU96,0.0002268434258198327,7.344631538823148e-05,642,230
DQN,HARD,537,waste_feat_SKU97,0.00022684342581983275,0.00022568374711080317,502,161
DQN,HARD,538,waste_feat_SKU98,0.00022684342581983275,0.0,503,558
DQN,HARD,539,waste_feat_SKU99,0.00022684342581983275,0.0,504,557
DQN,HARD,540,waste_feat_SKU100,0.00022684342581983275,0.0,505,556
DQN,HARD,541,waste_feat_SKU101,0.0002268434258198327,0.0,649,555
DQN,HARD,542,waste_feat_SKU102,0.00022684342581983275,0.0,506,554
DQN,HARD,543,waste_feat_SKU103,0.00022684342581983275,0.0,507,553
DQN,HARD,544,waste_feat_SKU104,0.00022684342581983275,0.0,535,552
DQN,HARD,545,waste_feat_SKU105,0.00022684342581983275,1.474036444454964e-06,536,351
DQN,HARD,546,waste_feat_SKU106,0.00022684342581983275,0.0,537,571
DQN,HARD,547,waste_feat_SKU107,0.00022684342581983275,0.0,538,570
DQN,HARD,548,waste_feat_SKU108,0.00022684342581983275,0.0,512,569
DQN,HARD,549,waste_feat_SKU109,0.0002268434258198327,0.0,619,568
DQN,HARD,550,waste_feat_SKU110,0.0002268434258198327,0.0,620,567
DQN,HARD,551,waste_feat_SKU111,0.00022684342581983275,0.001084235086353433,513,51
DQN,HARD,552,waste_feat_SKU112,0.00022684342581983275,0.0,514,566
DQN,HARD,553,waste_feat_SKU113,0.00022684342581983275,0.0008156762834258877,515,71
DQN,HARD,554,waste_feat_SKU114,0.0002268434258198327,0.0,624,565
DQN,HARD,555,waste_feat_SKU115,0.00022684342581983275,0.0,516,564
DQN,HARD,556,waste_feat_SKU116,0.00022684342581983275,0.00016770978898600545,517,179
DQN,HARD,557,waste_feat_SKU117,0.00022684342581983275,0.0,518,563
DQN,HARD,558,waste_feat_SKU118,0.00022684342581983275,0.0003099910193903891,519,140
DQN,HARD,559,waste_feat_SKU119,0.00022684342581983275,0.0,520,562
DQN,HARD,560,waste_feat_SKU120,0.00022684342581983275,5.673561678215285e-06,550,338
DQN,HARD,561,waste_feat_SKU121,0.00022684342581983275,8.395204786748897e-05,551,220
DQN,HARD,562,waste_feat_SKU122,0.00022684342581983275,0.0009176725141741804,552,61
DQN,HARD,563,waste_feat_SKU123,0.00022684342581983275,0.0,553,587
DQN,HARD,564,waste_feat_SKU124,0.00022684342581983275,0.0,525,586
DQN,HARD,565,waste_feat_SKU125,0.00022684342581983275,2.5313619969307767e-05,526,291
DQN,HARD,566,waste_feat_SKU126,0.00022684342581983275,0.0,527,585
DQN,HARD,567,waste_feat_SKU127,0.00022684342581983275,0.0,528,584
DQN,HARD,568,waste_feat_SKU128,0.00022684342581983275,0.0,529,583
DQN,HARD,569,waste_feat_SKU129,0.00022684342581983275,2.381652428498564e-05,530,295
DQN,HARD,570,waste_feat_SKU130,0.0002268434258198327,7.683021471004956e-06,644,329
DQN,HARD,571,waste_feat_SKU131,0.00022684342581983275,0.0,531,582
DQN,HARD,572,waste_feat_SKU132,0.00022684342581983275,0.00010313872124131732,532,210
DQN,HARD,573,waste_feat_SKU133,0.00022684342581983275,0.0,533,581
DQN,HARD,574,waste_feat_SKU134,0.00022684342581983275,2.8294120853363955e-05,534,283
DQN,HARD,575,waste_feat_SKU135,0.0002268434258198327,2.586108215447606e-05,651,288
DQN,HARD,576,waste_feat_SKU136,0.00022684342581983275,0.0,562,580
DQN,HARD,577,waste_feat_SKU137,0.00022684342581983275,0.0,563,579
DQN,HARD,578,waste_feat_SKU138,0.0002268434258198327,0.0,645,609
DQN,HARD,579,waste_feat_SKU139,0.00022684342581983275,0.0,564,608
DQN,HARD,580,waste_feat_SKU140,0.0002268434258198327,0.0,615,607
DQN,HARD,581,waste_feat_SKU141,0.00022684342581983275,0.0008684487129408897,539,67
DQN,HARD,582,waste_feat_SKU142,0.00022684342581983275,4.284347815422747e-05,540,260
DQN,HARD,583,waste_feat_SKU143,0.00022684342581983275,0.0,541,606
DQN,HARD,584,waste_feat_SKU144,0.00022684342581983275,0.0,542,605
DQN,HARD,585,waste_feat_SKU145,0.00022684342581983275,0.0001902969795400254,543,171
DQN,HARD,586,waste_feat_SKU146,0.00022684342581983275,0.0,544,604
DQN,HARD,587,waste_feat_SKU147,0.00022684342581983275,0.0,545,603
DQN,HARD,588,waste_feat_SKU148,0.00022684342581983275,0.0,546,602
DQN,HARD,589,waste_feat_SKU149,0.00022684342581983275,0.0,547,601
DQN,HARD,590,waste_feat_SKU150,0.00022684342581983275,0.0,548,600
DQN,HARD,591,waste_feat_SKU151,0.00022684342581983275,0.0,549,599
DQN,HARD,592,waste_feat_SKU152,0.00022684342581983275,0.0,15,598
DQN,HARD,593,waste_feat_SKU153,0.00022684342581983275,4.973856233848513e-05,17,253
DQN,HARD,594,waste_feat_SKU154,0.00022684342581983275,0.0,45,620
DQN,HARD,595,waste_feat_SKU155,0.00022684342581983275,5.8470582737289176e-05,49,244
DQN,HARD,596,waste_feat_SKU156,0.00022684342581983275,0.0,554,619
DQN,HARD,597,waste_feat_SKU157,0.00022684342581983275,0.0,555,618
DQN,HARD,598,waste_feat_SKU158,0.00022684342581983275,0.0,556,617
DQN,HARD,599,waste_feat_SKU159,0.00022684342581983275,0.0,557,616
DQN,HARD,600,waste_feat_SKU160,0.0002268434258198327,0.0,635,615
DQN,HARD,601,waste_feat_SKU161,0.00022684342581983275,3.050012556818147e-05,558,276
DQN,HARD,602,waste_feat_SKU162,0.00022684342581983275,7.475515817509504e-06,559,331
DQN,HARD,603,waste_feat_SKU163,0.00022684342581983275,0.0,560,614
DQN,HARD,604,waste_feat_SKU164,0.0002268434258198327,0.0,639,613
DQN,HARD,605,waste_feat_SKU165,0.0002268434258198327,0.0,640,612
DQN,HARD,606,waste_feat_SKU166,0.0002268434258198327,0.0013138852559967079,641,36
DQN,HARD,607,waste_feat_SKU167,0.00022684342581983275,7.4901667715025605e-06,561,330
DQN,HARD,608,waste_feat_SKU168,0.00022684342581983275,0.0,143,611
DQN,HARD,609,waste_feat_SKU169,0.00022684342581983275,0.0,148,610
DQN,HARD,610,waste_feat_SKU170,0.00022684342581983275,0.0,151,635
DQN,HARD,611,waste_feat_SKU171,0.00022684342581983275,0.0,153,634
DQN,HARD,612,waste_feat_SKU172,0.00022684342581983275,0.0005537681966900409,565,99
DQN,HARD,613,waste_feat_SKU173,0.00022684342581983275,0.0,566,633
DQN,HARD,614,waste_feat_SKU174,0.00022684342581983275,0.00037442604738652897,567,131
DQN,HARD,615,waste_feat_SKU175,0.00022684342581983275,0.0006170385333795639,568,93
DQN,HARD,616,waste_feat_SKU176,0.00022684342581983275,0.0004065528959787739,569,127
DQN,HARD,617,waste_feat_SKU177,0.0002268434258198327,0.0,653,632
DQN,HARD,618,waste_feat_SKU178,0.0002268434258198327,0.0,654,631
DQN,HARD,619,waste_feat_SKU179,0.00022684342581983275,0.0,570,630
DQN,HARD,620,waste_feat_SKU180,0.00022684342581983275,1.8895441766556514e-05,571,306
DQN,HARD,621,waste_feat_SKU181,0.00022684342581983275,2.6958957522866638e-05,572,286
DQN,HARD,622,waste_feat_SKU182,0.00022684342581983275,0.0,573,629
DQN,HARD,623,waste_feat_SKU183,0.00022684342581983275,0.0,574,628
DQN,HARD,624,waste_feat_SKU184,0.00022684342581983275,0.0,41,627
DQN,HARD,625,waste_feat_SKU185,0.00022684342581983275,6.59708742059338e-05,42,236
DQN,HARD,626,waste_feat_SKU186,0.00022684342581983275,0.0,43,653
DQN,HARD,627,waste_feat_SKU187,0.00022684342581983275,0.0,273,652
DQN,HARD,628,waste_feat_SKU188,0.00022684342581983275,0.0,62,651
DQN,HARD,629,waste_feat_SKU189,0.00022684342581983275,0.0012236958389405597,69,41
DQN,HARD,630,waste_feat_SKU190,0.00022684342581983275,0.00040774353551222665,80,126
DQN,HARD,631,waste_feat_SKU191,0.00022684342581983275,0.0,81,650
DQN,HARD,632,waste_feat_SKU192,0.00022684342581983275,2.5465564638402018e-05,92,290
DQN,HARD,633,waste_feat_SKU193,0.00022684342581983275,0.0013681745518297748,105,32
DQN,HARD,634,waste_feat_SKU194,0.00022684342581983275,0.0,107,649
DQN,HARD,635,waste_feat_SKU195,0.00022684342581983275,0.0,109,648
DQN,HARD,636,waste_feat_SKU196,0.00022684342581983275,1.5985582727471882e-06,114,350
DQN,HARD,637,waste_feat_SKU197,0.00022684342581983275,0.0,122,647
DQN,HARD,638,waste_feat_SKU198,0.00022684342581983275,2.8450231904581957e-05,123,282
DQN,HARD,639,waste_feat_SKU199,0.00022684342581983275,0.0,127,646
DQN,HARD,640,waste_feat_SKU200,0.00022684342581983275,1.6488625120937916e-05,13,311
DQN,HARD,641,waste_feat_SKU201,0.00022684342581983275,7.913254452189445e-06,177,328
DQN,HARD,642,waste_feat_SKU202,0.00022684342581983275,0.0,178,359
DQN,HARD,643,waste_feat_SKU203,0.00022684342581983275,0.000482880700859581,179,111
DQN,HARD,644,waste_feat_SKU204,0.00022684342581983275,0.0,190,358
DQN,HARD,645,waste_feat_SKU205,0.00022684342581983275,5.4139756006296476e-05,191,252
DQN,HARD,646,waste_feat_SKU206,0.00022684342581983275,4.4476190625847964e-05,226,257
DQN,HARD,647,waste_feat_SKU207,0.00022684342581983275,4.101862908165574e-05,228,262
DQN,HARD,648,waste_feat_SKU208,0.00022684342581983275,0.0,232,357
DQN,HARD,649,waste_feat_SKU209,0.00022684342581983275,1.8255016361413107e-05,244,307
DQN,HARD,650,waste_feat_SKU210,0.00022684342581983275,2.3678109237683544e-05,246,296
DQN,HARD,651,waste_feat_SKU211,0.00022684342581983275,0.0,253,356
DQN,HARD,652,waste_feat_SKU212,0.00022684342581983275,0.0,262,355
DQN,HARD,653,waste_feat_SKU213,0.0002268434258198327,0.0,650,354
DQN,HARD,654,waste_feat_SKU214,0.00022684342581983275,0.0007531306661698964,271,79
DQN,HARD,655,waste_feat_SKU215,0.0002268434258198327,0.0002043183211606174,658,167
DQN,HARD,656,waste_feat_SKU216,0.00022684342581983275,0.0,29,353
DQN,HARD,657,waste_feat_SKU217,0.00022684342581983275,0.0,285,352
DQN,HARD,658,waste_feat_SKU218,0.00022684342581983275,6.250014917197374e-06,290,337
DQN,HARD,659,waste_feat_SKU219,0.0002268434258198327,0.0,656,659
A2C_mod,EASY,0,inventory_SKU0,0.00010464938411669762,0.0,52,659
A2C_mod,EASY,1,inventory_SKU1,0.00010464938411669759,2.3078816833339596e-08,536,299
A2C_mod,EASY,2,inventory_SKU2,0.00010464938411669759,2.461731686160593e-11,608,426
A2C_mod,EASY,3,inventory_SKU3,0.0001046493841166976,0.0,271,654
A2C_mod,EASY,4,inventory_SKU4,0.00010464938411669759,0.0,418,655
A2C_mod,EASY,5,inventory_SKU5,0.00010464938411669758,0.0,642,656
A2C_mod,EASY,6,inventory_SKU6,0.0001046493841166976,0.0,272,657
A2C_mod,EASY,7,inventory_SKU7,0.00010464938411669762,1.5367868861429424e-08,247,328
A2C_mod,EASY,8,inventory_SKU8,0.00010464938411669762,9.668066164513392e-11,246,409
A2C_mod,EASY,9,inventory_SKU9,0.00010464938411669759,0.0,414,444
A2C_mod,EASY,10,inventory_SKU10,0.00010464938411669762,1.994934249798055e-09,245,375
A2C_mod,EASY,11,inventory_SKU11,0.00010464938411669759,4.090392162131412e-09,415,364
A2C_mod,EASY,12,inventory_SKU12,0.00010464938411669758,4.775687033110229e-08,631,229
A2C_mod,EASY,13,inventory_SKU13,0.00010464938411669762,0.0011098881857407946,244,24
A2C_mod,EASY,14,inventory_SKU14,0.0001046493841166976,3.5010620433606535e-08,273,254
A2C_mod,EASY,15,inventory_SKU15,0.00010464938411669759,0.0,412,445
A2C_mod,EASY,16,inventory_SKU16,0.0001046493841166976,3.334877206885169e-08,274,262
A2C_mod,EASY,17,inventory_SKU17,0.0001046493841166976,1.6233836918138993e-08,406,324
A2C_mod,EASY,18,inventory_SKU18,0.00010464938411669762,0.0,60,439
A2C_mod,EASY,19,inventory_SKU19,0.00010464938411669762,9.863969148046616e-08,59,150
A2C_mod,EASY,20,inventory_SKU20,0.00010464938411669762,6.595663136472673e-08,58,193
A2C_mod,EASY,21,inventory_SKU21,0.00010464938411669759,3.495063164008873e-11,600,421
A2C_mod,EASY,22,inventory_SKU22,0.0001046493841166976,1.570932092002987e-07,405,114
A2C_mod,EASY,23,inventory_SKU23,0.00010464938411669763,7.447124804291281e-08,47,178
A2C_mod,EASY,24,inventory_SKU24,0.00010464938411669762,6.313258757401227e-08,57,202
A2C_mod,EASY,25,inventory_SKU25,0.00010464938411669762,0.0,56,440
A2C_mod,EASY,26,inventory_SKU26,0.00010464938411669762,0.0,55,441
A2C_mod,EASY,27,inventory_SKU27,0.00010464938411669762,0.0,54,442
A2C_mod,EASY,28,inventory_SKU28,0.00010464938411669759,1.5850479828631865e-08,601,327
A2C_mod,EASY,29,inventory_SKU29,0.00010464938411669763,0.0,49,443
A2C_mod,EASY,30,inventory_SKU30,0.0001046493841166976,1.3926322949806514e-07,268,126
A2C_mod,EASY,31,inventory_SKU31,0.00010464938411669764,4.2936407201876825e-08,18,238
A2C_mod,EASY,32,inventory_SKU32,0.0001046493841166976,7.344428383143311e-09,269,347
A2C_mod,EASY,33,inventory_SKU33,0.00010464938411669759,0.0,607,619
A2C_mod,EASY,34,inventory_SKU34,0.00010464938411669762,0.0,255,620
A2C_mod,EASY,35,inventory_SKU35,0.0001046493841166976,0.0,265,621
A2C_mod,EASY,36,inventory_SKU36,0.00010464938411669759,0.0004280250534449406,609,72
A2C_mod,EASY,37,inventory_SKU37,0.00010464938411669759,0.0,548,622
A2C_mod,EASY,38,inventory_SKU38,0.00010464938411669759,0.0,545,623
A2C_mod,EASY,39,inventory_SKU39,0.00010464938411669759,5.533028837680039e-08,544,216
A2C_mod,EASY,40,inventory_SKU40,0.0001046493841166976,0.0,266,595
A2C_mod,EASY,41,inventory_SKU41,0.00010464938411669762,7.309859020423389e-08,254,180
A2C_mod,EASY,42,inventory_SKU42,0.00010464938411669762,0.0009642594551739671,253,31
A2C_mod,EASY,43,inventory_SKU43,0.0001046493841166976,5.7691299833947436e-08,267,212
A2C_mod,EASY,44,inventory_SKU44,0.00010464938411669762,8.984563818031487e-08,252,157
A2C_mod,EASY,45,inventory_SKU45,0.00010464938411669759,0.0,547,596
A2C_mod,EASY,46,inventory_SKU46,0.00010464938411669759,0.0004124682660848152,546,75
A2C_mod,EASY,47,inventory_SKU47,0.0001046493841166976,0.0,395,597
A2C_mod,EASY,48,inventory_SKU48,0.00010464938411669759,2.4490066305338242e-08,542,294
A2C_mod,EASY,49,inventory_SKU49,0.0001046493841166976,5.2485961837014225e-09,396,356
A2C_mod,EASY,50,inventory_SKU50,0.00010464938411669762,3.533836331864477e-08,193,251
A2C_mod,EASY,51,inventory_SKU51,0.00010464938411669762,0.000539318016238846,192,62
A2C_mod,EASY,52,inventory_SKU52,0.00010464938411669759,0.0,630,603
A2C_mod,EASY,53,inventory_SKU53,0.00010464938411669762,0.0012344918297435296,191,15
A2C_mod,EASY,54,inventory_SKU54,0.00010464938411669762,2.9321773575521237e-10,190,392
A2C_mod,EASY,55,inventory_SKU55,0.00010464938411669759,0.0006577447411147393,628,56
A2C_mod,EASY,56,inventory_SKU56,0.00010464938411669759,2.689966493461685e-06,612,99
A2C_mod,EASY,57,inventory_SKU57,0.00010464938411669759,2.2303680096194818e-08,629,300
A2C_mod,EASY,58,inventory_SKU58,0.0001046493841166976,0.0,314,581
A2C_mod,EASY,59,inventory_SKU59,0.0001046493841166976,0.0,315,582
A2C_mod,EASY,60,inventory_SKU60,0.00010464938411669759,4.2687382141783465e-09,624,363
A2C_mod,EASY,61,inventory_SKU61,0.00010464938411669759,6.486784344576724e-08,627,196
A2C_mod,EASY,62,inventory_SKU62,0.0001046493841166976,2.3300239398915087e-08,316,296
A2C_mod,EASY,63,inventory_SKU63,0.00010464938411669763,0.0,22,583
A2C_mod,EASY,64,inventory_SKU64,0.00010464938411669759,2.0822000998906894e-08,626,306
A2C_mod,EASY,65,inventory_SKU65,0.00010464938411669759,1.7207033365930005e-07,625,110
A2C_mod,EASY,66,inventory_SKU66,0.00010464938411669762,3.447131858219706e-08,199,257
A2C_mod,EASY,67,inventory_SKU67,0.0001046493841166976,1.7096929433518997e-10,307,401
A2C_mod,EASY,68,inventory_SKU68,0.00010464938411669759,1.968799870441806e-11,620,428
A2C_mod,EASY,69,inventory_SKU69,0.00010464938411669759,3.333549601572262e-08,619,263
A2C_mod,EASY,70,inventory_SKU70,0.00010464938411669759,5.212651348524767e-06,618,95
A2C_mod,EASY,71,inventory_SKU71,0.00010464938411669759,0.0,617,539
A2C_mod,EASY,72,inventory_SKU72,0.0001046493841166976,0.0,308,540
A2C_mod,EASY,73,inventory_SKU73,0.00010464938411669762,1.5350406273666308e-07,198,116
A2C_mod,EASY,74,inventory_SKU74,0.0001046493841166976,0.001143658176107664,309,19
A2C_mod,EASY,75,inventory_SKU75,0.00010464938411669762,0.0,79,541
A2C_mod,EASY,76,inventory_SKU76,0.00010464938411669762,1.6078940919600085e-08,78,326
A2C_mod,EASY,77,inventory_SKU77,0.00010464938411669759,0.00023983423391376105,615,85
A2C_mod,EASY,78,inventory_SKU78,0.00010464938411669762,1.674318291374528e-08,77,322
A2C_mod,EASY,79,inventory_SKU79,0.0001046493841166976,4.656239832333395e-09,391,362
A2C_mod,EASY,80,inventory_SKU80,0.00010464938411669759,0.0,614,542
A2C_mod,EASY,81,inventory_SKU81,0.0001046493841166976,0.0,392,499
A2C_mod,EASY,82,inventory_SKU82,0.00010464938411669762,2.605742484822937e-09,76,372
A2C_mod,EASY,83,inventory_SKU83,0.00010464938411669759,0.0010050403092789464,587,29
A2C_mod,EASY,84,inventory_SKU84,0.0001046493841166976,0.0009596209688218973,393,32
A2C_mod,EASY,85,inventory_SKU85,0.00010464938411669762,0.0,75,500
A2C_mod,EASY,86,inventory_SKU86,0.0001046493841166976,8.472457919415106e-08,394,166
A2C_mod,EASY,87,inventory_SKU87,0.00010464938411669759,1.5593419489384408e-07,613,115
A2C_mod,EASY,88,inventory_SKU88,0.0001046493841166976,1.0397871139631913e-11,399,431
A2C_mod,EASY,89,inventory_SKU89,0.00010464938411669759,0.0,591,501
A2C_mod,EASY,90,inventory_SKU90,0.0001046493841166976,2.2205164460478714e-08,400,301
A2C_mod,EASY,91,inventory_SKU91,0.0001046493841166976,8.082610445644604e-08,401,171
A2C_mod,EASY,92,inventory_SKU92,0.0001046493841166976,5.14549481879813e-09,402,359
A2C_mod,EASY,93,inventory_SKU93,0.0001046493841166976,0.0,403,502
A2C_mod,EASY,94,inventory_SKU94,0.00010464938411669762,0.0007264751548743859,62,50
A2C_mod,EASY,95,inventory_SKU95,0.0001046493841166976,0.0,404,503
A2C_mod,EASY,96,inventory_SKU96,0.00010464938411669759,3.478978975491533e-08,588,255
A2C_mod,EASY,97,inventory_SKU97,0.0001046493841166976,3.563127655742155e-06,387,97
A2C_mod,EASY,98,inventory_SKU98,0.00010464938411669759,3.058801034952323e-08,589,278
A2C_mod,EASY,99,inventory_SKU99,0.0001046493841166976,0.0,388,459
A2C_mod,EASY,100,inventory_SKU100,0.00010464938411669762,3.2859209016028584e-08,90,265
A2C_mod,EASY,101,inventory_SKU101,0.00010464938411669759,0.0,590,447
A2C_mod,EASY,102,inventory_SKU102,0.00010464938411669762,7.948724136221334e-08,89,174
A2C_mod,EASY,103,inventory_SKU103,0.0001046493841166976,0.0,389,448
A2C_mod,EASY,104,inventory_SKU104,0.00010464938411669759,8.534793063350568e-08,592,164
A2C_mod,EASY,105,inventory_SKU105,0.00010464938411669762,0.001172918975511653,88,18
A2C_mod,EASY,106,inventory_SKU106,0.00010464938411669762,0.0,87,449
A2C_mod,EASY,107,inventory_SKU107,0.00010464938411669762,9.145749337121593e-08,86,155
A2C_mod,EASY,108,inventory_SKU108,0.00010464938411669759,6.472160161384486e-06,593,94
A2C_mod,EASY,109,inventory_SKU109,0.00010464938411669759,0.0,594,450
A2C_mod,EASY,110,inventory_SKU110,0.00010464938411669759,0.0008094969448218932,595,41
A2C_mod,EASY,111,inventory_SKU111,0.00010464938411669762,1.3086349759074285e-07,85,131
A2C_mod,EASY,112,inventory_SKU112,0.00010464938411669762,0.0,84,451
A2C_mod,EASY,113,inventory_SKU113,0.0001046493841166976,0.0,390,467
A2C_mod,EASY,114,inventory_SKU114,0.00010464938411669762,3.4560962057370477e-08,109,256
A2C_mod,EASY,115,inventory_SKU115,0.0001046493841166976,0.0,376,468
A2C_mod,EASY,116,inventory_SKU116,0.00010464938411669762,6.396826390917749e-08,108,197
A2C_mod,EASY,117,inventory_SKU117,0.0001046493841166976,2.970847827311951e-10,377,391
A2C_mod,EASY,118,inventory_SKU118,0.0001046493841166976,0.0,378,475
A2C_mod,EASY,119,inventory_SKU119,0.00010464938411669759,1.1932600263043658e-08,586,334
A2C_mod,EASY,120,inventory_SKU120,0.0001046493841166976,0.0011176469342418275,379,23
A2C_mod,EASY,121,inventory_SKU121,0.0001046493841166976,4.656369153633341e-11,382,420
A2C_mod,EASY,122,inventory_SKU122,0.00010464938411669758,0.0,650,476
A2C_mod,EASY,123,inventory_SKU123,0.00010464938411669762,3.046508452071869e-08,93,279
A2C_mod,EASY,124,inventory_SKU124,0.0001046493841166976,3.182963126346661e-08,383,269
A2C_mod,EASY,125,inventory_SKU125,0.0001046493841166976,0.0,384,477
A2C_mod,EASY,126,inventory_SKU126,0.00010464938411669758,6.852182381394387e-08,649,188
A2C_mod,EASY,127,inventory_SKU127,0.00010464938411669759,0.0,572,478
A2C_mod,EASY,128,inventory_SKU128,0.00010464938411669759,7.227858178724037e-08,585,182
A2C_mod,EASY,129,inventory_SKU129,0.00010464938411669759,3.96630796939298e-10,571,388
A2C_mod,EASY,130,inventory_SKU130,0.00010464938411669762,1.8506584708302551e-09,118,376
A2C_mod,EASY,131,inventory_SKU131,0.00010464938411669759,0.0,581,509
A2C_mod,EASY,132,inventory_SKU132,0.00010464938411669764,2.716239178155649e-08,17,290
A2C_mod,EASY,133,inventory_SKU133,0.0001046493841166976,6.371135085887525e-08,374,199
A2C_mod,EASY,134,inventory_SKU134,0.00010464938411669759,0.0,579,510
A2C_mod,EASY,135,inventory_SKU135,0.0001046493841166976,5.232849290629385e-08,375,224
A2C_mod,EASY,136,inventory_SKU136,0.00010464938411669762,0.0,117,511
A2C_mod,EASY,137,inventory_SKU137,0.00010464938411669762,0.0,116,512
A2C_mod,EASY,138,inventory_SKU138,0.00010464938411669758,1.100771511412201e-08,655,340
A2C_mod,EASY,139,inventory_SKU139,0.00010464938411669762,2.0568754759920686e-08,115,307
A2C_mod,EASY,140,inventory_SKU140,0.00010464938411669759,5.797048559320028e-11,578,418
A2C_mod,EASY,141,inventory_SKU141,0.00010464938411669762,6.329235002964326e-08,114,201
A2C_mod,EASY,142,inventory_SKU142,0.00010464938411669759,1.682194375231184e-07,577,111
A2C_mod,EASY,143,inventory_SKU143,0.00010464938411669759,8.490647700353578e-08,575,165
A2C_mod,EASY,144,inventory_SKU144,0.00010464938411669759,1.013855729574453e-07,574,147
A2C_mod,EASY,145,inventory_SKU145,0.00010464938411669763,5.170125221590975e-09,45,358
A2C_mod,EASY,146,inventory_SKU146,0.00010464938411669758,5.971796041540581e-08,654,207
A2C_mod,EASY,147,inventory_SKU147,0.00010464938411669762,0.0,125,532
A2C_mod,EASY,148,inventory_SKU148,0.00010464938411669759,0.0,566,533
A2C_mod,EASY,149,inventory_SKU149,0.00010464938411669759,3.221002549161897e-08,567,268
A2C_mod,EASY,150,inventory_SKU150,0.00010464938411669762,2.6516027179401693e-08,124,291
A2C_mod,EASY,151,inventory_SKU151,0.00010464938411669762,0.0,123,534
A2C_mod,EASY,152,inventory_SKU152,0.00010464938411669759,3.089608339526724e-08,560,276
A2C_mod,EASY,153,inventory_SKU153,0.00010464938411669758,2.4621610058269805e-11,644,425
A2C_mod,EASY,154,inventory_SKU154,0.00010464938411669762,5.24078220512793e-09,122,357
A2C_mod,EASY,155,inventory_SKU155,0.00010464938411669759,0.0,553,535
A2C_mod,EASY,156,inventory_SKU156,0.0001046493841166976,1.8063268340890412e-08,370,316
A2C_mod,EASY,157,inventory_SKU157,0.00010464938411669759,1.0508098857528934e-07,552,144
A2C_mod,EASY,158,inventory_SKU158,0.0001046493841166976,4.6728906707759897e-07,371,102
A2C_mod,EASY,159,inventory_SKU159,0.00010464938411669762,7.491680248564137e-08,121,177
A2C_mod,EASY,160,inventory_SKU160,0.00010464938411669759,0.0,561,536
A2C_mod,EASY,161,inventory_SKU161,0.00010464938411669762,1.5028466444802733e-07,155,117
A2C_mod,EASY,162,inventory_SKU162,0.0001046493841166976,0.0,345,560
A2C_mod,EASY,163,inventory_SKU163,0.0001046493841166976,4.24932948866881e-08,346,240
A2C_mod,EASY,164,inventory_SKU164,0.00010464938411669759,0.0006919370250349771,562,54
A2C_mod,EASY,165,inventory_SKU165,0.00010464938411669762,0.0,145,561
A2C_mod,EASY,166,inventory_SKU166,0.0001046493841166976,1.6412008453441572e-09,354,378
A2C_mod,EASY,167,inventory_SKU167,0.00010464938411669763,3.0872622571546466e-08,44,277
A2C_mod,EASY,168,inventory_SKU168,0.00010464938411669762,0.0,144,562
A2C_mod,EASY,169,inventory_SKU169,0.00010464938411669763,0.0007509286748989361,43,46
A2C_mod,EASY,170,inventory_SKU170,0.0001046493841166976,0.0,355,563
A2C_mod,EASY,171,inventory_SKU171,0.00010464938411669759,0.0,558,572
A2C_mod,EASY,172,inventory_SKU172,0.00010464938411669759,0.0,559,573
A2C_mod,EASY,173,inventory_SKU173,0.00010464938411669762,0.0,143,574
A2C_mod,EASY,174,inventory_SKU174,0.00010464938411669758,4.278972666126057e-08,646,239
A2C_mod,EASY,175,inventory_SKU175,0.00010464938411669762,8.876785351025764e-08,142,160
A2C_mod,EASY,176,inventory_SKU176,0.00010464938411669759,0.0011265279853510475,557,21
A2C_mod,EASY,177,inventory_SKU177,0.00010464938411669758,0.0,645,579
A2C_mod,EASY,178,inventory_SKU178,0.0001046493841166976,2.152507268122142e-08,341,303
A2C_mod,EASY,179,inventory_SKU179,0.00010464938411669762,1.7074276271767027e-08,160,321
A2C_mod,EASY,180,inventory_SKU180,0.0001046493841166976,0.0,342,580
A2C_mod,EASY,181,inventory_SKU181,0.00010464938411669759,1.0025591962563404e-07,551,148
A2C_mod,EASY,182,inventory_SKU182,0.00010464938411669759,0.0,523,587
A2C_mod,EASY,183,inventory_SKU183,0.0001046493841166976,1.1968412003145142e-10,343,403
A2C_mod,EASY,184,inventory_SKU184,0.00010464938411669762,4.829158633263025e-08,159,227
A2C_mod,EASY,185,inventory_SKU185,0.00010464938411669759,3.6237240451744517e-09,527,366
A2C_mod,EASY,186,inventory_SKU186,0.00010464938411669762,0.0,158,588
A2C_mod,EASY,187,inventory_SKU187,0.00010464938411669762,8.985765886512168e-08,157,156
A2C_mod,EASY,188,inventory_SKU188,0.00010464938411669759,9.27260753314905e-11,549,410
A2C_mod,EASY,189,inventory_SKU189,0.00010464938411669759,0.0,524,589
A2C_mod,EASY,190,inventory_SKU190,0.0001046493841166976,0.0,344,590
A2C_mod,EASY,191,inventory_SKU191,0.00010464938411669762,2.8496228988814188e-08,156,285
A2C_mod,EASY,192,inventory_SKU192,0.00010464938411669762,5.261128270016096e-08,182,221
A2C_mod,EASY,193,inventory_SKU193,0.0001046493841166976,4.18984920685677e-08,325,242
A2C_mod,EASY,194,inventory_SKU194,0.0001046493841166976,0.0,326,639
A2C_mod,EASY,195,inventory_SKU195,0.00010464938411669758,5.863332363713469e-08,656,209
A2C_mod,EASY,196,inventory_SKU196,0.00010464938411669759,0.0,525,640
A2C_mod,EASY,197,inventory_SKU197,0.00010464938411669759,0.0,526,641
A2C_mod,EASY,198,inventory_SKU198,0.00010464938411669759,1.7220081022907195e-10,528,400
A2C_mod,EASY,199,inventory_SKU199,0.00010464938411669759,1.4875726085741765e-07,529,120
A2C_mod,EASY,200,inventory_SKU200,0.00010464938411669759,0.0,531,650
A2C_mod,EASY,201,inventory_SKU201,0.00010464938411669763,0.0005065739204837806,41,63
A2C_mod,EASY,202,inventory_SKU202,0.00010464938411669759,0.0,530,651
A2C_mod,EASY,203,inventory_SKU203,0.00010464938411669762,0.0,181,652
A2C_mod,EASY,204,inventory_SKU204,0.0001046493841166976,2.4970478125173845e-08,327,292
A2C_mod,EASY,205,inventory_SKU205,0.00010464938411669762,2.7418268873240197e-08,180,289
A2C_mod,EASY,206,inventory_SKU206,0.00010464938411669762,3.401929195803618e-08,179,260
A2C_mod,EASY,207,inventory_SKU207,0.00010464938411669759,0.0,532,653
A2C_mod,EASY,208,inventory_SKU208,0.00010464938411669758,2.479106137848043e-08,647,293
A2C_mod,EASY,209,inventory_SKU209,0.00010464938411669759,0.0,533,634
A2C_mod,EASY,210,inventory_SKU210,0.00010464938411669763,1.7713396173106573e-08,42,318
A2C_mod,EASY,211,inventory_SKU211,0.00010464938411669759,0.0,504,635
A2C_mod,EASY,212,inventory_SKU212,0.0001046493841166976,1.2944641822731922e-11,319,429
A2C_mod,EASY,213,inventory_SKU213,0.0001046493841166976,0.0,320,636
A2C_mod,EASY,214,inventory_SKU214,0.00010464938411669762,0.0,187,637
A2C_mod,EASY,215,inventory_SKU215,0.0001046493841166976,2.82781675171056e-08,321,286
A2C_mod,EASY,216,inventory_SKU216,0.0001046493841166976,9.382856812874649e-08,322,153
A2C_mod,EASY,217,inventory_SKU217,0.00010464938411669759,1.4878896928430726e-07,507,119
A2C_mod,EASY,218,inventory_SKU218,0.00010464938411669762,4.6825389033817717e-08,186,231
A2C_mod,EASY,219,inventory_SKU219,0.00010464938411669762,1.3667670376021602e-07,185,128
A2C_mod,EASY,220,sales_SKU0,0.00010464938411669759,0.00038800974532300766,506,76
A2C_mod,EASY,221,sales_SKU1,0.00010464938411669764,0.0,15,638
A2C_mod,EASY,222,sales_SKU2,0.00010464938411669762,0.0011407093761250469,184,20
A2C_mod,EASY,223,sales_SKU3,0.00010464938411669759,0.0007626980040475435,505,44
A2C_mod,EASY,224,sales_SKU4,0.00010464938411669762,8.942877189337874e-08,183,158
A2C_mod,EASY,225,sales_SKU5,0.00010464938411669759,0.0,472,608
A2C_mod,EASY,226,sales_SKU6,0.00010464938411669759,2.0839257975299935e-08,518,305
A2C_mod,EASY,227,sales_SKU7,0.0001046493841166976,0.0008312954405472167,292,39
A2C_mod,EASY,228,sales_SKU8,0.0001046493841166976,0.0008663256904595986,293,35
A2C_mod,EASY,229,sales_SKU9,0.00010464938411669762,3.1395259641209944e-11,217,422
A2C_mod,EASY,230,sales_SKU10,0.00010464938411669762,2.947509387828448e-08,216,281
A2C_mod,EASY,231,sales_SKU11,0.00010464938411669759,0.0008882475010781779,516,34
A2C_mod,EASY,232,sales_SKU12,0.00010464938411669759,2.3179204872913692e-08,517,298
A2C_mod,EASY,233,sales_SKU13,0.00010464938411669759,6.535191227466385e-11,512,414
A2C_mod,EASY,234,sales_SKU14,0.00010464938411669759,2.0430226634868948e-09,515,374
A2C_mod,EASY,235,sales_SKU15,0.00010464938411669759,9.946262433831784e-09,514,342
A2C_mod,EASY,236,sales_SKU16,0.0001046493841166976,0.0,294,609
A2C_mod,EASY,237,sales_SKU17,0.00010464938411669763,3.271611816227511e-08,39,266
A2C_mod,EASY,238,sales_SKU18,0.00010464938411669759,2.1127653179161085e-09,513,373
A2C_mod,EASY,239,sales_SKU19,0.00010464938411669762,5.3651205844735626e-08,215,220
A2C_mod,EASY,240,sales_SKU20,0.00010464938411669762,2.7080856441154315e-09,205,371
A2C_mod,EASY,241,sales_SKU21,0.0003797506319135536,7.502794764854675e-05,1,91
A2C_mod,EASY,242,sales_SKU22,0.00010464938411669758,1.8951217575601736e-07,632,107
A2C_mod,EASY,243,sales_SKU23,0.00010464938411669759,0.0,503,591
A2C_mod,EASY,244,sales_SKU24,0.00010464938411669759,0.0,496,592
A2C_mod,EASY,245,sales_SKU25,0.00010464938411669758,0.0,635,593
A2C_mod,EASY,246,sales_SKU26,0.00010464938411669759,0.0,499,594
A2C_mod,EASY,247,sales_SKU27,0.0001046493841166976,5.575796470276582e-08,282,214
A2C_mod,EASY,248,sales_SKU28,0.00010464938411669758,2.821085455893472e-08,634,287
A2C_mod,EASY,249,sales_SKU29,0.00010464938411669759,0.0007353042899038957,498,49
A2C_mod,EASY,250,sales_SKU30,0.00010464938411669759,0.0,497,604
A2C_mod,EASY,251,sales_SKU31,0.00010464938411669758,0.0014819745787996782,633,9
A2C_mod,EASY,252,sales_SKU32,0.0001046493841166976,0.0,283,605
A2C_mod,EASY,253,sales_SKU33,0.00010464938411669759,0.0,488,606
A2C_mod,EASY,254,sales_SKU34,0.00010464938411669762,4.159951398043035e-08,223,243
A2C_mod,EASY,255,sales_SKU35,0.00010464938411669759,0.00047436051889307467,495,67
A2C_mod,EASY,256,sales_SKU36,0.00010464938411669762,0.0,222,607
A2C_mod,EASY,257,sales_SKU37,0.00010464938411669759,0.0004901208793515983,494,64
A2C_mod,EASY,258,sales_SKU38,0.00010464938411669762,5.167885754326311e-08,226,225
A2C_mod,EASY,259,sales_SKU39,0.00010464938411669762,1.2944840858859658e-07,225,132
A2C_mod,EASY,260,sales_SKU40,0.0001046493841166976,0.0,287,575
A2C_mod,EASY,261,sales_SKU41,0.00010464938411669759,0.0,486,576
A2C_mod,EASY,262,sales_SKU42,0.00010464938411669759,0.0,484,577
A2C_mod,EASY,263,sales_SKU43,0.00010464938411669762,3.0752892254750546e-09,224,368
A2C_mod,EASY,264,sales_SKU44,0.0001046493841166976,1.26054095737984e-07,276,133
A2C_mod,EASY,265,sales_SKU45,0.00010464938411669762,0.0003866061281351195,243,77
A2C_mod,EASY,266,sales_SKU46,0.00010464938411669762,2.394202305158007e-06,242,100
A2C_mod,EASY,267,sales_SKU47,0.0001046493841166976,5.23995706296115e-08,277,223
A2C_mod,EASY,268,sales_SKU48,0.00010464938411669759,1.0384210338430843e-10,485,406
A2C_mod,EASY,269,sales_SKU49,0.00010464938411669759,0.0005580462058740937,480,61
A2C_mod,EASY,270,sales_SKU50,0.0001046493841166976,0.0008597965871471314,278,36
A2C_mod,EASY,271,sales_SKU51,0.00010464938411669759,0.0,483,578
A2C_mod,EASY,272,sales_SKU52,0.00010464938411669762,6.754142792266069e-08,241,189
A2C_mod,EASY,273,sales_SKU53,0.00010464938411669762,0.0014837752054716216,208,8
A2C_mod,EASY,274,sales_SKU54,0.00010464938411669762,0.000805331296712545,207,42
A2C_mod,EASY,275,sales_SKU55,0.00010464938411669759,4.7048988094802776e-08,482,230
A2C_mod,EASY,276,sales_SKU56,0.00026841450880506565,0.0006475958400236482,6,57
A2C_mod,EASY,277,sales_SKU57,0.00010464938411669759,0.00013338146035278748,481,89
A2C_mod,EASY,278,sales_SKU58,0.00010464938411669762,0.0,206,558
A2C_mod,EASY,279,sales_SKU59,0.0001046493841166976,0.00023221931898901395,300,86
A2C_mod,EASY,280,sales_SKU60,0.0001046493841166976,6.18755553823909e-08,301,204
A2C_mod,EASY,281,sales_SKU61,0.00010464938411669763,6.192081296906769e-08,36,203
A2C_mod,EASY,282,sales_SKU62,0.00010464938411669762,2.326846018944503e-08,235,297
A2C_mod,EASY,283,sales_SKU63,0.00010464938411669763,4.307383068394009e-08,35,236
A2C_mod,EASY,284,sales_SKU64,0.00010464938411669759,0.00155412912636469,464,5
A2C_mod,EASY,285,sales_SKU65,0.00010464938411669762,1.1307599715520638e-07,234,138
A2C_mod,EASY,286,sales_SKU66,0.00010464938411669762,1.0724527030929362e-07,233,142
A2C_mod,EASY,287,sales_SKU67,0.00010464938411669762,0.0,232,559
A2C_mod,EASY,288,sales_SKU68,0.00010464938411669762,5.956969720679324e-10,231,387
A2C_mod,EASY,289,sales_SKU69,0.00010464938411669763,0.00048241389093765964,34,66
A2C_mod,EASY,290,sales_SKU70,0.00010464938411669763,0.0,26,546
A2C_mod,EASY,291,sales_SKU71,0.0001046493841166976,0.0,299,547
A2C_mod,EASY,292,sales_SKU72,0.00010464938411669763,0.0004470729729524767,25,70
A2C_mod,EASY,293,sales_SKU73,0.00010464938411669763,0.0,37,548
A2C_mod,EASY,294,sales_SKU74,0.0002770313858704485,8.387222199616852e-08,4,168
A2C_mod,EASY,295,sales_SKU75,0.00010464938411669762,2.636434866026917e-10,209,395
A2C_mod,EASY,296,sales_SKU76,0.0001046493841166976,0.0,336,549
A2C_mod,EASY,297,sales_SKU77,0.00010464938411669759,6.95739854659986e-08,468,187
A2C_mod,EASY,298,sales_SKU78,0.0001046493841166976,0.0,337,550
A2C_mod,EASY,299,sales_SKU79,0.00010464938411669759,0.0,469,551
A2C_mod,EASY,300,sales_SKU80,0.0001668790490402435,5.574859090726598e-08,9,215
A2C_mod,EASY,301,sales_SKU81,0.00010464938411669762,0.0,168,552
A2C_mod,EASY,302,sales_SKU82,0.00010464938411669759,6.177644729571768e-11,470,416
A2C_mod,EASY,303,sales_SKU83,0.00010464938411669762,0.00045848612458260614,167,69
A2C_mod,EASY,304,sales_SKU84,0.00010464938411669763,9.686598375787805e-09,21,343
A2C_mod,EASY,305,sales_SKU85,0.00010464938411669762,0.0,166,537
A2C_mod,EASY,306,sales_SKU86,0.00010464938411669762,2.7951889005903183e-08,165,288
A2C_mod,EASY,307,sales_SKU87,0.00010464938411669759,0.0,471,538
A2C_mod,EASY,308,sales_SKU88,0.00010464938411669759,6.130165797024643e-10,460,385
A2C_mod,EASY,309,sales_SKU89,0.00010464938411669759,0.00048286543682446074,456,65
A2C_mod,EASY,310,sales_SKU90,0.00010464938411669759,7.895278047693687e-08,461,175
A2C_mod,EASY,311,sales_SKU91,0.00010464938411669762,2.783230746558384e-09,164,370
A2C_mod,EASY,312,sales_SKU92,0.00010464938411669759,0.0014908212172314896,440,7
A2C_mod,EASY,313,sales_SKU93,0.0002770313858704485,0.0005811516414185721,5,60
A2C_mod,EASY,314,sales_SKU94,0.00010464938411669759,2.2618668674310954e-06,459,101
A2C_mod,EASY,315,sales_SKU95,0.00010464938411669759,0.0,458,544
A2C_mod,EASY,316,sales_SKU96,0.00010464938411669759,3.4069098385652344e-08,457,259
A2C_mod,EASY,317,sales_SKU97,0.0001046493841166976,0.0,338,545
A2C_mod,EASY,318,sales_SKU98,0.0001046493841166976,3.172469311462788e-08,339,271
A2C_mod,EASY,319,sales_SKU99,0.00010464938411669763,0.0003283129677903116,23,84
A2C_mod,EASY,320,sales_SKU100,0.0001046493841166976,0.0016302338052516542,310,3
A2C_mod,EASY,321,sales_SKU101,0.00010464938411669764,1.0605654701438785e-12,10,438
A2C_mod,EASY,322,sales_SKU102,0.00010464938411669762,2.9725125677991827e-06,173,98
A2C_mod,EASY,323,sales_SKU103,0.0001046493841166976,4.3193093318286694e-08,335,235
A2C_mod,EASY,324,sales_SKU104,0.00010464938411669762,1.750336672820212e-12,172,436
A2C_mod,EASY,325,sales_SKU105,0.00033844646539588145,0.0007163348078506274,3,52
A2C_mod,EASY,326,sales_SKU106,0.00010464938411669759,2.016270523850441e-10,441,398
A2C_mod,EASY,327,sales_SKU107,0.00010464938411669759,1.9998543733557985e-11,455,427
A2C_mod,EASY,328,sales_SKU108,0.00010464938411669759,6.410207846640794e-05,454,92
A2C_mod,EASY,329,sales_SKU109,0.00010464938411669762,7.296387601803081e-08,171,181
A2C_mod,EASY,330,sales_SKU110,0.00010464938411669762,0.0,170,529
A2C_mod,EASY,331,sales_SKU111,0.00010464938411669759,0.001023506924674664,452,28
A2C_mod,EASY,332,sales_SKU112,0.00036424405441526424,1.1808512564602148e-08,2,336
A2C_mod,EASY,333,sales_SKU113,0.00010464938411669762,0.0,169,530
A2C_mod,EASY,334,sales_SKU114,0.00010464938411669762,0.00037047168817606673,129,79
A2C_mod,EASY,335,sales_SKU115,0.00010464938411669762,0.0,128,531
A2C_mod,EASY,336,sales_SKU116,0.0001046493841166976,7.094369957129145e-09,365,348
A2C_mod,EASY,337,sales_SKU117,0.00010464938411669762,0.0009174361610924927,127,33
A2C_mod,EASY,338,sales_SKU118,0.00010464938411669763,2.525921632099952e-07,19,103
A2C_mod,EASY,339,sales_SKU119,0.00010464938411669759,0.0013879579654923753,453,11
A2C_mod,EASY,340,sales_SKU120,0.00010464938411669762,0.0,126,513
A2C_mod,EASY,341,sales_SKU121,0.0001046493841166976,1.615961125375271e-08,347,325
A2C_mod,EASY,342,sales_SKU122,0.00010464938411669759,1.8955016480578263e-08,451,312
A2C_mod,EASY,343,sales_SKU123,0.00010464938411669758,0.0,638,514
A2C_mod,EASY,344,sales_SKU124,0.00010464938411669762,0.0019235803465429012,154,1
A2C_mod,EASY,345,sales_SKU125,0.00010464938411669762,1.61890901888305e-07,153,113
A2C_mod,EASY,346,sales_SKU126,0.0001046493841166976,0.0,348,524
A2C_mod,EASY,347,sales_SKU127,0.0001046493841166976,0.0,349,525
A2C_mod,EASY,348,sales_SKU128,0.00010464938411669759,5.8539051466105474e-08,450,211
A2C_mod,EASY,349,sales_SKU129,0.00010464938411669759,0.0,449,526
A2C_mod,EASY,350,sales_SKU130,0.00010464938411669759,6.749115729342829e-08,448,190
A2C_mod,EASY,351,sales_SKU131,0.00010464938411669763,0.0,28,527
A2C_mod,EASY,352,sales_SKU132,0.0001046493841166976,0.0,350,528
A2C_mod,EASY,353,sales_SKU133,0.00010464938411669759,0.0004201564806627021,447,74
A2C_mod,EASY,354,sales_SKU134,0.00010464938411669759,6.38423764918005e-11,439,415
A2C_mod,EASY,355,sales_SKU135,0.00010464938411669762,0.0,133,493
A2C_mod,EASY,356,sales_SKU136,0.00010464938411669764,6.590217587827752e-08,13,194
A2C_mod,EASY,357,sales_SKU137,0.00010464938411669762,0.001589952044325742,132,4
A2C_mod,EASY,358,sales_SKU138,0.00010464938411669762,0.0011013717730656788,131,25
A2C_mod,EASY,359,sales_SKU139,0.00010464938411669758,0.0,640,494
A2C_mod,EASY,360,sales_SKU140,0.00010464938411669759,0.0,433,495
A2C_mod,EASY,361,sales_SKU141,0.00022749866414623388,0.0,7,496
A2C_mod,EASY,362,sales_SKU142,0.0001046493841166976,3.4344961708509826e-08,364,258
A2C_mod,EASY,363,sales_SKU143,0.00021432711536012425,0.0007623298620135767,8,45
A2C_mod,EASY,364,sales_SKU144,0.00010464938411669758,4.59548467767476e-08,641,232
A2C_mod,EASY,365,sales_SKU145,0.00010464938411669759,8.83216015962195e-08,432,161
A2C_mod,EASY,366,sales_SKU146,0.00010464938411669759,0.0,427,497
A2C_mod,EASY,367,sales_SKU147,0.00010464938411669763,3.718200972971825e-08,20,249
A2C_mod,EASY,368,sales_SKU148,0.00010464938411669759,0.0,426,498
A2C_mod,EASY,369,sales_SKU149,0.00010464938411669759,0.0,425,479
A2C_mod,EASY,370,sales_SKU150,0.00010464938411669762,0.00042588119026326226,97,73
A2C_mod,EASY,371,sales_SKU151,0.00010464938411669759,4.788956717020395e-08,428,228
A2C_mod,EASY,372,sales_SKU152,0.00010464938411669762,0.0,96,480
A2C_mod,EASY,373,sales_SKU153,0.00010464938411669759,7.42677981210969e-09,420,346
A2C_mod,EASY,374,sales_SKU154,0.00010464938411669762,0.0,95,481
A2C_mod,EASY,375,sales_SKU155,0.00010464938411669764,0.0012166599203692887,11,16
A2C_mod,EASY,376,sales_SKU156,0.00010464938411669759,0.0,421,482
A2C_mod,EASY,377,sales_SKU157,0.00010464938411669759,0.0008235653680408334,422,40
A2C_mod,EASY,378,sales_SKU158,0.00010464938411669762,1.381142352342442e-07,94,127
A2C_mod,EASY,379,sales_SKU159,0.0001046493841166976,0.0,398,490
A2C_mod,EASY,380,sales_SKU160,0.00010464938411669762,0.0,74,491
A2C_mod,EASY,381,sales_SKU161,0.00010464938411669762,0.0,73,492
A2C_mod,EASY,382,sales_SKU162,0.00010464938411669762,0.0003448805367304645,72,82
A2C_mod,EASY,383,sales_SKU163,0.00010464938411669759,0.0013144008159521965,423,13
A2C_mod,EASY,384,sales_SKU164,0.00010464938411669762,6.522761060870507e-08,71,195
A2C_mod,EASY,385,sales_SKU165,0.00010464938411669759,0.0007431067413383849,416,47
A2C_mod,EASY,386,sales_SKU166,0.00010464938411669762,0.0,70,461
A2C_mod,EASY,387,sales_SKU167,0.00010464938411669762,6.887427954820427e-11,69,413
A2C_mod,EASY,388,sales_SKU168,0.00010464938411669762,0.0,68,462
A2C_mod,EASY,389,sales_SKU169,0.00010464938411669762,3.032165458471068e-09,67,369
A2C_mod,EASY,390,sales_SKU170,0.00010464938411669759,0.0,417,463
A2C_mod,EASY,391,sales_SKU171,0.00010464938411669762,0.0013213391391411937,66,12
A2C_mod,EASY,392,sales_SKU172,0.00010464938411669762,8.024338536934324e-08,65,173
A2C_mod,EASY,393,sales_SKU173,0.00010464938411669762,3.965369364543475e-10,64,389
A2C_mod,EASY,394,sales_SKU174,0.00010464938411669763,0.0,29,464
A2C_mod,EASY,395,sales_SKU175,0.00010464938411669762,0.0012032978744879914,63,17
A2C_mod,EASY,396,sales_SKU176,0.00010464938411669762,1.3606718103755915e-08,107,331
A2C_mod,EASY,397,sales_SKU177,0.00010464938411669762,6.971989865349723e-11,106,412
A2C_mod,EASY,398,sales_SKU178,0.00010464938411669758,0.0,643,465
A2C_mod,EASY,399,sales_SKU179,0.00010464938411669759,0.0,419,466
A2C_mod,EASY,400,sales_SKU180,0.00010464938411669762,8.664313519313971e-11,249,411
A2C_mod,EASY,401,sales_SKU181,0.0001046493841166976,0.0,270,452
A2C_mod,EASY,402,sales_SKU182,0.00010464938411669762,0.0010546644021774121,130,26
A2C_mod,EASY,403,sales_SKU183,0.00010464938411669759,2.821840785092611e-11,424,423
A2C_mod,EASY,404,sales_SKU184,0.00010464938411669759,7.518987081098046e-09,431,345
A2C_mod,EASY,405,sales_SKU185,0.00010464938411669762,1.7061804764272608e-09,105,377
A2C_mod,EASY,406,sales_SKU186,0.00010464938411669762,4.1329157888261534e-08,104,244
A2C_mod,EASY,407,sales_SKU187,0.00010464938411669762,3.180433340038103e-08,103,270
A2C_mod,EASY,408,sales_SKU188,0.00010464938411669759,1.8454553838423025e-08,430,315
A2C_mod,EASY,409,sales_SKU189,0.00010464938411669764,0.0,12,453
A2C_mod,EASY,410,sales_SKU190,0.00010464938411669759,3.396374921343556e-05,429,93
A2C_mod,EASY,411,sales_SKU191,0.00010464938411669762,0.0,102,454
A2C_mod,EASY,412,sales_SKU192,0.00010464938411669762,3.11313286288778e-08,101,275
A2C_mod,EASY,413,sales_SKU193,0.0001046493841166976,2.1629265509426131e-10,380,397
A2C_mod,EASY,414,sales_SKU194,0.00010464938411669762,0.0004403230004281227,100,71
A2C_mod,EASY,415,sales_SKU195,0.00010464938411669762,1.1522237514683772e-07,99,135
A2C_mod,EASY,416,sales_SKU196,0.0001046493841166976,0.0,381,460
A2C_mod,EASY,417,sales_SKU197,0.00010464938411669762,1.1439311347415972e-07,98,136
A2C_mod,EASY,418,sales_SKU198,0.00010464938411669759,1.559656486269236e-12,446,437
A2C_mod,EASY,419,sales_SKU199,0.00010464938411669762,1.1762611461749242e-08,152,337
A2C_mod,EASY,420,sales_SKU200,0.00010464938411669762,0.0,151,455
A2C_mod,EASY,421,sales_SKU201,0.00010464938411669762,0.0007388700969996513,150,48
A2C_mod,EASY,422,sales_SKU202,0.00010464938411669763,0.0,30,456
A2C_mod,EASY,423,sales_SKU203,0.00010464938411669762,1.2127764426652423e-08,137,333
A2C_mod,EASY,424,sales_SKU204,0.00010464938411669759,7.845389911587556e-08,434,176
A2C_mod,EASY,425,sales_SKU205,0.00010464938411669759,6.93247177031394e-10,435,384
A2C_mod,EASY,426,sales_SKU206,0.0001046493841166976,0.0,362,457
A2C_mod,EASY,427,sales_SKU207,0.00010464938411669759,1.873097221318973e-08,436,313
A2C_mod,EASY,428,sales_SKU208,0.00010464938411669762,0.0,136,458
A2C_mod,EASY,429,sales_SKU209,0.00010464938411669762,6.572942581286907e-09,135,351
A2C_mod,EASY,430,sales_SKU210,0.00010464938411669762,0.0007658881773040445,134,43
A2C_mod,EASY,431,sales_SKU211,0.00010464938411669759,0.0010401266487975224,437,27
A2C_mod,EASY,432,sales_SKU212,0.00010464938411669759,5.413311340501889e-08,438,219
A2C_mod,EASY,433,sales_SKU213,0.0001046493841166976,1.5793816175742762e-10,363,402
A2C_mod,EASY,434,sales_SKU214,0.00010464938411669763,0.0,24,472
A2C_mod,EASY,435,sales_SKU215,0.0001046493841166976,8.1349235518187e-09,351,344
A2C_mod,EASY,436,sales_SKU216,0.00010464938411669759,1.0008890499972138e-07,463,149
A2C_mod,EASY,437,sales_SKU217,0.00010464938411669759,0.0,462,473
A2C_mod,EASY,438,sales_SKU218,0.00010464938411669762,6.859632314307563e-09,149,349
A2C_mod,EASY,439,sales_SKU219,0.00010464938411669762,3.250795847984418e-08,148,267
A2C_mod,EASY,440,waste_feat_SKU0,0.00010464938411669762,1.7735463698705344e-07,147,109
A2C_mod,EASY,441,waste_feat_SKU1,0.00010464938411669759,8.277438754420828e-10,444,383
A2C_mod,EASY,442,waste_feat_SKU2,0.00010464938411669759,0.0004701600862160238,445,68
A2C_mod,EASY,443,waste_feat_SKU3,0.0001046493841166976,5.862883885390167e-08,352,210
A2C_mod,EASY,444,waste_feat_SKU4,0.00010464938411669759,3.167735890686033e-08,443,272
A2C_mod,EASY,445,waste_feat_SKU5,0.00010464938411669758,3.906438241374765e-08,639,247
A2C_mod,EASY,446,waste_feat_SKU6,0.0001046493841166976,0.0,353,474
A2C_mod,EASY,447,waste_feat_SKU7,0.00010464938411669762,1.745564543253687e-08,146,319
A2C_mod,EASY,448,waste_feat_SKU8,0.00010464938411669762,4.338727811412215e-08,174,234
A2C_mod,EASY,449,waste_feat_SKU9,0.00010464938411669759,0.0,442,486
A2C_mod,EASY,450,waste_feat_SKU10,0.00010464938411669762,0.0006848837238637634,230,55
A2C_mod,EASY,451,waste_feat_SKU11,0.00010464938411669759,3.6321765443911724e-08,465,250
A2C_mod,EASY,452,waste_feat_SKU12,0.00010464938411669758,3.7570434505762305e-08,636,248
A2C_mod,EASY,453,waste_feat_SKU13,0.00010464938411669762,1.9376629080040196e-08,229,309
A2C_mod,EASY,454,waste_feat_SKU14,0.0001046493841166976,0.0,295,487
A2C_mod,EASY,455,waste_feat_SKU15,0.00010464938411669759,0.0,466,488
A2C_mod,EASY,456,waste_feat_SKU16,0.0001046493841166976,0.0,296,489
A2C_mod,EASY,457,waste_feat_SKU17,0.0001046493841166976,1.1744401419622066e-08,297,338
A2C_mod,EASY,458,waste_feat_SKU18,0.00010464938411669762,1.8384746717245838e-10,214,399
A2C_mod,EASY,459,waste_feat_SKU19,0.00010464938411669762,0.0,213,469
A2C_mod,EASY,460,waste_feat_SKU20,0.00010464938411669762,0.0,212,470
A2C_mod,EASY,461,waste_feat_SKU21,0.00010464938411669759,8.369886682931837e-08,467,169
A2C_mod,EASY,462,waste_feat_SKU22,0.0001046493841166976,0.0,298,471
A2C_mod,EASY,463,waste_feat_SKU23,0.00010464938411669763,4.890098798113909e-09,27,360
A2C_mod,EASY,464,waste_feat_SKU24,0.00010464938411669762,6.991658256951239e-08,211,185
A2C_mod,EASY,465,waste_feat_SKU25,0.00010464938411669762,0.0,210,504
A2C_mod,EASY,466,waste_feat_SKU26,0.00010464938411669762,0.0,221,505
A2C_mod,EASY,467,waste_feat_SKU27,0.00010464938411669762,9.344400142688359e-08,220,154
A2C_mod,EASY,468,waste_feat_SKU28,0.00010464938411669759,0.0,493,506
A2C_mod,EASY,469,waste_feat_SKU29,0.00010464938411669763,0.0,33,507
A2C_mod,EASY,470,waste_feat_SKU30,0.0001046493841166976,0.0,288,508
A2C_mod,EASY,471,waste_feat_SKU31,0.00010464938411669764,1.417723468561341e-08,16,330
A2C_mod,EASY,472,waste_feat_SKU32,0.0001046493841166976,2.5625604171485535e-11,284,424
A2C_mod,EASY,473,waste_feat_SKU33,0.00010464938411669759,3.167207900570863e-08,492,273
A2C_mod,EASY,474,waste_feat_SKU34,0.00010464938411669762,5.8564101154582e-09,228,352
A2C_mod,EASY,475,waste_feat_SKU35,0.0001046493841166976,0.0,285,483
A2C_mod,EASY,476,waste_feat_SKU36,0.00010464938411669759,0.0,491,484
A2C_mod,EASY,477,waste_feat_SKU37,0.00010464938411669759,0.00020497017927863543,490,87
A2C_mod,EASY,478,waste_feat_SKU38,0.00010464938411669759,1.6335142813149478e-08,489,323
A2C_mod,EASY,479,waste_feat_SKU39,0.00010464938411669759,0.0,487,485
A2C_mod,EASY,480,waste_feat_SKU40,0.0001046493841166976,2.167803337663861e-08,286,302
A2C_mod,EASY,481,waste_feat_SKU41,0.00010464938411669762,0.0,227,517
A2C_mod,EASY,482,waste_feat_SKU42,0.00010464938411669762,0.0007214857401677876,204,51
A2C_mod,EASY,483,waste_feat_SKU43,0.0001046493841166976,1.1363384429382595e-07,279,137
A2C_mod,EASY,484,waste_feat_SKU44,0.00010464938411669762,0.0003378721501489823,240,83
A2C_mod,EASY,485,waste_feat_SKU45,0.00010464938411669759,0.0,479,518
A2C_mod,EASY,486,waste_feat_SKU46,0.00010464938411669759,1.0740378316709778e-07,478,141
A2C_mod,EASY,487,waste_feat_SKU47,0.0001046493841166976,0.0,280,519
A2C_mod,EASY,488,waste_feat_SKU48,0.00010464938411669759,5.252794437389209e-08,476,222
A2C_mod,EASY,489,waste_feat_SKU49,0.0001046493841166976,5.875938533950055e-11,281,417
A2C_mod,EASY,490,waste_feat_SKU50,0.00010464938411669762,0.0,239,520
A2C_mod,EASY,491,waste_feat_SKU51,0.00010464938411669762,9.544553895818091e-08,238,152
A2C_mod,EASY,492,waste_feat_SKU52,0.00010464938411669759,0.0,477,521
A2C_mod,EASY,493,waste_feat_SKU53,0.00010464938411669762,0.0,237,522
A2C_mod,EASY,494,waste_feat_SKU54,0.00010464938411669762,1.0401807000913405e-07,236,146
A2C_mod,EASY,495,waste_feat_SKU55,0.00010464938411669759,0.0,500,523
A2C_mod,EASY,496,waste_feat_SKU56,0.00010464938411669759,2.6679185519567124e-10,501,394
A2C_mod,EASY,497,waste_feat_SKU57,0.00010464938411669759,0.0008414893205359946,502,38
A2C_mod,EASY,498,waste_feat_SKU58,0.0001046493841166976,2.9195649929467225e-08,323,283
A2C_mod,EASY,499,waste_feat_SKU59,0.0001046493841166976,9.271101301932613e-10,324,382
A2C_mod,EASY,500,waste_feat_SKU60,0.00010464938411669759,0.0,511,543
A2C_mod,EASY,501,waste_feat_SKU61,0.00010464938411669759,1.253999394832187e-07,510,134
A2C_mod,EASY,502,waste_feat_SKU62,0.0001046493841166976,1.2830092750129552e-08,289,332
A2C_mod,EASY,503,waste_feat_SKU63,0.00010464938411669763,5.750733368106113e-09,48,353
A2C_mod,EASY,504,waste_feat_SKU64,0.00010464938411669759,0.0,509,515
A2C_mod,EASY,505,waste_feat_SKU65,0.00010464938411669759,6.069726095990704e-08,508,206
A2C_mod,EASY,506,waste_feat_SKU66,0.00010464938411669762,0.0008441531622703105,219,37
A2C_mod,EASY,507,waste_feat_SKU67,0.0001046493841166976,5.457370945950517e-09,290,354
A2C_mod,EASY,508,waste_feat_SKU68,0.00010464938411669759,0.0006974466829063509,475,53
A2C_mod,EASY,509,waste_feat_SKU69,0.00010464938411669759,3.359521084141675e-08,474,261
A2C_mod,EASY,510,waste_feat_SKU70,0.00010464938411669759,2.962038877316289e-08,473,280
A2C_mod,EASY,511,waste_feat_SKU71,0.00010464938411669759,8.562157738360259e-08,519,163
A2C_mod,EASY,512,waste_feat_SKU72,0.0001046493841166976,0.0,291,516
A2C_mod,EASY,513,waste_feat_SKU73,0.00010464938411669762,2.9267095326816112e-08,218,282
A2C_mod,EASY,514,waste_feat_SKU74,0.0001046493841166976,0.0,328,554
A2C_mod,EASY,515,waste_feat_SKU75,0.00010464938411669762,1.1003113031981776e-10,178,405
A2C_mod,EASY,516,waste_feat_SKU76,0.00010464938411669762,3.5634711823692033e-12,177,434
A2C_mod,EASY,517,waste_feat_SKU77,0.00010464938411669759,5.650612516495314e-08,534,213
A2C_mod,EASY,518,waste_feat_SKU78,0.00010464938411669762,0.0,176,555
A2C_mod,EASY,519,waste_feat_SKU79,0.0001046493841166976,0.0012482837515345215,329,14
A2C_mod,EASY,520,waste_feat_SKU80,0.00010464938411669759,0.0,535,556
A2C_mod,EASY,521,waste_feat_SKU81,0.0001046493841166976,6.6055888313491e-08,330,192
A2C_mod,EASY,522,waste_feat_SKU82,0.00010464938411669762,1.4444553623631193e-07,175,122
A2C_mod,EASY,523,waste_feat_SKU83,0.00010464938411669759,1.7360496146394276e-08,522,320
A2C_mod,EASY,524,waste_feat_SKU84,0.0001046493841166976,1.8495497955923338e-08,331,314
A2C_mod,EASY,525,waste_feat_SKU85,0.00010464938411669762,5.981091492845359e-10,188,386
A2C_mod,EASY,526,waste_feat_SKU86,0.0001046493841166976,1.1757089280640043e-11,317,430
A2C_mod,EASY,527,waste_feat_SKU87,0.00010464938411669759,0.0,520,557
A2C_mod,EASY,528,waste_feat_SKU88,0.0001046493841166976,4.451025349594151e-08,318,233
A2C_mod,EASY,529,waste_feat_SKU89,0.00010464938411669759,6.587348762148417e-09,521,350
A2C_mod,EASY,530,waste_feat_SKU90,0.0001046493841166976,0.0,356,566
A2C_mod,EASY,531,waste_feat_SKU91,0.0001046493841166976,0.0,357,567
A2C_mod,EASY,532,waste_feat_SKU92,0.0001046493841166976,0.0,358,568
A2C_mod,EASY,533,waste_feat_SKU93,0.0001046493841166976,1.1809253291589022e-10,359,404
A2C_mod,EASY,534,waste_feat_SKU94,0.00010464938411669762,0.0,141,569
A2C_mod,EASY,535,waste_feat_SKU95,0.0001046493841166976,3.3301174476636276e-08,332,264
A2C_mod,EASY,536,waste_feat_SKU96,0.00010464938411669759,3.44993796646624e-09,556,367
A2C_mod,EASY,537,waste_feat_SKU97,0.0001046493841166976,6.378322674169574e-08,333,198
A2C_mod,EASY,538,waste_feat_SKU98,0.00010464938411669759,0.0,555,570
A2C_mod,EASY,539,waste_feat_SKU99,0.0001046493841166976,0.0,334,571
A2C_mod,EASY,540,waste_feat_SKU100,0.00010464938411669762,1.3192904772530367e-07,163,130
A2C_mod,EASY,541,waste_feat_SKU101,0.00010464938411669759,0.0014164636857986062,554,10
A2C_mod,EASY,542,waste_feat_SKU102,0.00010464938411669762,5.8643710764015525e-08,162,208
A2C_mod,EASY,543,waste_feat_SKU103,0.0001046493841166976,3.82189164509144e-06,340,96
A2C_mod,EASY,544,waste_feat_SKU104,0.00010464938411669759,0.0,550,553
A2C_mod,EASY,545,waste_feat_SKU105,0.00010464938411669762,0.0,161,584
A2C_mod,EASY,546,waste_feat_SKU106,0.00010464938411669762,6.116403392427211e-08,113,205
A2C_mod,EASY,547,waste_feat_SKU107,0.00010464938411669762,4.0480596329648634e-08,112,246
A2C_mod,EASY,548,waste_feat_SKU108,0.00010464938411669759,1.4676258613450327e-08,563,329
A2C_mod,EASY,549,waste_feat_SKU109,0.00010464938411669759,0.0,573,585
A2C_mod,EASY,550,waste_feat_SKU110,0.00010464938411669759,1.0715038488603578e-08,564,341
A2C_mod,EASY,551,waste_feat_SKU111,0.00010464938411669762,0.0,111,586
A2C_mod,EASY,552,waste_feat_SKU112,0.00010464938411669762,2.104567149795271e-08,140,304
A2C_mod,EASY,553,waste_feat_SKU113,0.0001046493841166976,5.259964729399014e-09,360,355
A2C_mod,EASY,554,waste_feat_SKU114,0.00010464938411669762,1.438851665011571e-07,139,123
A2C_mod,EASY,555,waste_feat_SKU115,0.0001046493841166976,0.0010023152671580781,361,30
A2C_mod,EASY,556,waste_feat_SKU116,0.00010464938411669762,8.198167284503084e-08,138,170
A2C_mod,EASY,557,waste_feat_SKU117,0.0001046493841166976,0.0,366,564
A2C_mod,EASY,558,waste_feat_SKU118,0.0001046493841166976,3.959797803816942e-09,367,365
A2C_mod,EASY,559,waste_feat_SKU119,0.00010464938411669759,0.0011247461770766607,565,22
A2C_mod,EASY,560,waste_feat_SKU120,0.0001046493841166976,0.0,368,565
A2C_mod,EASY,561,waste_feat_SKU121,0.0001046493841166976,6.346334610594334e-08,369,200
A2C_mod,EASY,562,waste_feat_SKU122,0.00010464938411669758,0.000607068820848605,653,59
A2C_mod,EASY,563,waste_feat_SKU123,0.00010464938411669762,4.07918766980905e-08,92,245
A2C_mod,EASY,564,waste_feat_SKU124,0.0001046493841166976,7.051736293305772e-08,385,184
A2C_mod,EASY,565,waste_feat_SKU125,0.0001046493841166976,0.0,386,598
A2C_mod,EASY,566,waste_feat_SKU126,0.00010464938411669758,0.0,652,599
A2C_mod,EASY,567,waste_feat_SKU127,0.00010464938411669759,8.047538189851935e-08,570,172
A2C_mod,EASY,568,waste_feat_SKU128,0.00010464938411669759,0.00011640639465123324,582,90
A2C_mod,EASY,569,waste_feat_SKU129,0.00010464938411669759,1.8725513995057626e-07,583,108
A2C_mod,EASY,570,waste_feat_SKU130,0.00010464938411669762,0.00037169475301442707,91,78
A2C_mod,EASY,571,waste_feat_SKU131,0.00010464938411669759,1.0829239013033129e-07,580,140
A2C_mod,EASY,572,waste_feat_SKU132,0.00010464938411669764,0.0,14,600
A2C_mod,EASY,573,waste_feat_SKU133,0.0001046493841166976,8.885335549231454e-08,372,159
A2C_mod,EASY,574,waste_feat_SKU134,0.00010464938411669759,1.0451999118474256e-07,576,145
A2C_mod,EASY,575,waste_feat_SKU135,0.0001046493841166976,0.0,373,601
A2C_mod,EASY,576,waste_feat_SKU136,0.00010464938411669762,0.0,120,602
A2C_mod,EASY,577,waste_feat_SKU137,0.00010464938411669762,7.329119691853279e-08,119,179
A2C_mod,EASY,578,waste_feat_SKU138,0.00010464938411669758,1.458171843335463e-07,657,121
A2C_mod,EASY,579,waste_feat_SKU139,0.00010464938411669762,0.0,83,611
A2C_mod,EASY,580,waste_feat_SKU140,0.00010464938411669759,0.0,596,612
A2C_mod,EASY,581,waste_feat_SKU141,0.00010464938411669762,0.0,82,613
A2C_mod,EASY,582,waste_feat_SKU142,0.00010464938411669759,1.0990336296374526e-07,597,139
A2C_mod,EASY,583,waste_feat_SKU143,0.00010464938411669759,0.0,598,614
A2C_mod,EASY,584,waste_feat_SKU144,0.00010464938411669759,0.0,599,615
A2C_mod,EASY,585,waste_feat_SKU145,0.00010464938411669763,8.412848315266195e-08,46,167
A2C_mod,EASY,586,waste_feat_SKU146,0.00010464938411669758,2.465761961672675e-07,648,105
A2C_mod,EASY,587,waste_feat_SKU147,0.00010464938411669762,0.0,81,616
A2C_mod,EASY,588,waste_feat_SKU148,0.00010464938411669759,0.0,584,617
A2C_mod,EASY,589,waste_feat_SKU149,0.00010464938411669759,4.384263243780973e-12,568,433
A2C_mod,EASY,590,waste_feat_SKU150,0.00010464938411669762,8.775354599020191e-08,80,162
A2C_mod,EASY,591,waste_feat_SKU151,0.00010464938411669762,0.0,110,618
A2C_mod,EASY,592,waste_feat_SKU152,0.00010464938411669759,0.00036802003016238853,569,80
A2C_mod,EASY,593,waste_feat_SKU153,0.00010464938411669758,0.0,651,626
A2C_mod,EASY,594,waste_feat_SKU154,0.00010464938411669762,2.611358486254868e-10,189,396
A2C_mod,EASY,595,waste_feat_SKU155,0.00010464938411669759,3.501675337135135e-08,616,253
A2C_mod,EASY,596,waste_feat_SKU156,0.0001046493841166976,0.0,302,627
A2C_mod,EASY,597,waste_feat_SKU157,0.00010464938411669759,0.0,623,628
A2C_mod,EASY,598,waste_feat_SKU158,0.0001046493841166976,0.0,303,629
A2C_mod,EASY,599,waste_feat_SKU159,0.00010464938411669762,0.0,203,630
A2C_mod,EASY,600,waste_feat_SKU160,0.00010464938411669759,1.4279705192725757e-09,622,380
A2C_mod,EASY,601,waste_feat_SKU161,0.00010464938411669762,0.00020181696895574152,202,88
A2C_mod,EASY,602,waste_feat_SKU162,0.0001046493841166976,1.8280715822854183e-12,304,435
A2C_mod,EASY,603,waste_feat_SKU163,0.0001046493841166976,0.0,305,631
A2C_mod,EASY,604,waste_feat_SKU164,0.00010464938411669759,0.0,621,632
A2C_mod,EASY,605,waste_feat_SKU165,0.00010464938411669762,5.4733915236710254e-08,201,218
A2C_mod,EASY,606,waste_feat_SKU166,0.0001046493841166976,0.0,306,633
A2C_mod,EASY,607,waste_feat_SKU167,0.00010464938411669763,2.707814770065598e-10,38,393
A2C_mod,EASY,608,waste_feat_SKU168,0.00010464938411669762,0.0,200,610
A2C_mod,EASY,609,waste_feat_SKU169,0.00010464938411669763,1.4064656730227787e-09,40,381
A2C_mod,EASY,610,waste_feat_SKU170,0.0001046493841166976,2.2625107660859417e-07,397,106
A2C_mod,EASY,611,waste_feat_SKU171,0.00010464938411669759,9.79432540204151e-08,543,151
A2C_mod,EASY,612,waste_feat_SKU172,0.00010464938411669759,0.001689857122938668,541,2
A2C_mod,EASY,613,waste_feat_SKU173,0.00010464938411669762,2.056208950172431e-08,197,308
A2C_mod,EASY,614,waste_feat_SKU174,0.00010464938411669758,3.162963885344908e-08,659,274
A2C_mod,EASY,615,waste_feat_SKU175,0.00010464938411669762,0.0,196,647
A2C_mod,EASY,616,waste_feat_SKU176,0.00010464938411669759,0.0,540,648
A2C_mod,EASY,617,waste_feat_SKU177,0.00010464938411669758,0.0,658,649
A2C_mod,EASY,618,waste_feat_SKU178,0.0001046493841166976,6.97446723368173e-08,311,186
A2C_mod,EASY,619,waste_feat_SKU179,0.00010464938411669762,1.936597240466271e-08,195,310
A2C_mod,EASY,620,waste_feat_SKU180,0.0001046493841166976,1.497912696523273e-07,312,118
A2C_mod,EASY,621,waste_feat_SKU181,0.00010464938411669759,8.685390118321354e-12,539,432
A2C_mod,EASY,622,waste_feat_SKU182,0.00010464938411669759,0.0,538,624
A2C_mod,EASY,623,waste_feat_SKU183,0.0001046493841166976,2.868550322176842e-08,313,284
A2C_mod,EASY,624,waste_feat_SKU184,0.00010464938411669762,0.0,194,625
A2C_mod,EASY,625,waste_feat_SKU185,0.00010464938411669759,1.9008525859637515e-08,537,311
A2C_mod,EASY,626,waste_feat_SKU186,0.00010464938411669762,1.3559838398740397e-07,251,129
A2C_mod,EASY,627,waste_feat_SKU187,0.00010464938411669762,4.6608987654176055e-09,250,361
A2C_mod,EASY,628,waste_feat_SKU188,0.00010464938411669759,5.6953551666345355e-11,606,419
A2C_mod,EASY,629,waste_feat_SKU189,0.00010464938411669759,4.199028977686591e-08,605,241
A2C_mod,EASY,630,waste_feat_SKU190,0.0001046493841166976,0.0,262,642
A2C_mod,EASY,631,waste_feat_SKU191,0.00010464938411669762,7.066883589960779e-08,257,183
A2C_mod,EASY,632,waste_feat_SKU192,0.00010464938411669762,0.0,256,643
A2C_mod,EASY,633,waste_feat_SKU193,0.0001046493841166976,2.3392280437246827e-08,263,295
A2C_mod,EASY,634,waste_feat_SKU194,0.0001046493841166976,0.0,264,644
A2C_mod,EASY,635,waste_feat_SKU195,0.00010464938411669758,5.507681827382585e-08,660,217
A2C_mod,EASY,636,waste_feat_SKU196,0.00010464938411669759,4.855922854774836e-08,604,226
A2C_mod,EASY,637,waste_feat_SKU197,0.00010464938411669759,0.0015228459036502433,603,6
A2C_mod,EASY,638,waste_feat_SKU198,0.00010464938411669759,0.0,602,645
A2C_mod,EASY,639,waste_feat_SKU199,0.00010464938411669759,1.0639881118207147e-07,610,143
A2C_mod,EASY,640,waste_feat_SKU200,0.00010464938411669759,0.0,611,646
A2C_mod,EASY,641,waste_feat_SKU201,0.00010464938411669763,3.5104564201302504e-08,31,252
A2C_mod,EASY,642,waste_feat_SKU202,0.00010464938411669759,1.8034277272550122e-08,413,317
A2C_mod,EASY,643,waste_feat_SKU203,0.00010464938411669762,0.0,53,446
A2C_mod,EASY,644,waste_feat_SKU204,0.0001046493841166976,1.151158012126939e-08,407,339
A2C_mod,EASY,645,waste_feat_SKU205,0.00010464938411669762,2.4785380100907893e-07,51,104
A2C_mod,EASY,646,waste_feat_SKU206,0.00010464938411669762,1.0084571478055898e-10,50,407
A2C_mod,EASY,647,waste_feat_SKU207,0.00010464938411669759,4.2991076211561204e-08,411,237
A2C_mod,EASY,648,waste_feat_SKU208,0.00010464938411669758,1.5633028755914466e-09,637,379
A2C_mod,EASY,649,waste_feat_SKU209,0.00010464938411669759,1.6399794915623892e-07,410,112
A2C_mod,EASY,650,waste_feat_SKU210,0.00010464938411669763,0.0,32,660
A2C_mod,EASY,651,waste_feat_SKU211,0.00010464938411669759,1.4069108166569524e-07,409,125
A2C_mod,EASY,652,waste_feat_SKU212,0.0001046493841166976,1.0037796066176833e-10,261,408
A2C_mod,EASY,653,waste_feat_SKU213,0.0001046493841166976,0.0006423009176927273,260,58
A2C_mod,EASY,654,waste_feat_SKU214,0.00010464938411669762,1.4070956572573744e-07,258,124
A2C_mod,EASY,655,waste_feat_SKU215,0.0001046493841166976,3.37239201502402e-10,259,390
A2C_mod,EASY,656,waste_feat_SKU216,0.0001046493841166976,6.687582499164099e-08,275,191
A2C_mod,EASY,657,waste_feat_SKU217,0.00010464938411669759,1.1810657321529879e-08,408,335
A2C_mod,EASY,658,waste_feat_SKU218,0.00010464938411669762,0.00035414808504454246,248,81
A2C_mod,EASY,659,waste_feat_SKU219,0.00010464938411669762,0.0,61,658
A2C_mod,MEDIUM,0,inventory_SKU0,9.858038465522185e-05,0.0,280,660
A2C_mod,MEDIUM,1,inventory_SKU1,9.858038465522184e-05,2.8424710240960368e-08,281,281
A2C_mod,MEDIUM,2,inventory_SKU2,9.858038465522185e-05,0.0,63,659
A2C_mod,MEDIUM,3,inventory_SKU3,9.858038465522184e-05,5.4095118558078894e-08,304,208
A2C_mod,MEDIUM,4,inventory_SKU4,9.858038465522184e-05,0.0,303,448
A2C_mod,MEDIUM,5,inventory_SKU5,9.858038465522185e-05,0.0,41,447
A2C_mod,MEDIUM,6,inventory_SKU6,9.858038465522185e-05,3.009850703088717e-08,40,274
A2C_mod,MEDIUM,7,inventory_SKU7,9.858038465522181e-05,8.645585018688616e-12,577,427
A2C_mod,MEDIUM,8,inventory_SKU8,9.858038465522183e-05,0.0,561,446
A2C_mod,MEDIUM,9,inventory_SKU9,9.858038465522185e-05,0.0,39,445
A2C_mod,MEDIUM,10,inventory_SKU10,9.858038465522183e-05,0.0,562,444
A2C_mod,MEDIUM,11,inventory_SKU11,9.858038465522184e-05,7.197175068859703e-08,302,180
A2C_mod,MEDIUM,12,inventory_SKU12,9.858038465522185e-05,0.0,38,443
A2C_mod,MEDIUM,13,inventory_SKU13,9.858038465522181e-05,0.0,578,442
A2C_mod,MEDIUM,14,inventory_SKU14,9.858038465522184e-05,1.3810964300343262e-11,301,424
A2C_mod,MEDIUM,15,inventory_SKU15,9.858038465522185e-05,9.982027849195364e-05,37,90
A2C_mod,MEDIUM,16,inventory_SKU16,9.858038465522184e-05,2.0052822683166389e-07,300,98
A2C_mod,MEDIUM,17,inventory_SKU17,9.858038465522185e-05,1.2559668184237486e-10,36,388
A2C_mod,MEDIUM,18,inventory_SKU18,9.858038465522181e-05,9.253348415887802e-08,579,147
A2C_mod,MEDIUM,19,inventory_SKU19,9.858038465522181e-05,1.1256695696322997e-10,658,391
A2C_mod,MEDIUM,20,inventory_SKU20,9.858038465522183e-05,6.464926046669673e-12,571,429
A2C_mod,MEDIUM,21,inventory_SKU21,9.858038465522187e-05,2.0621464001371405e-08,35,306
A2C_mod,MEDIUM,22,inventory_SKU22,9.858038465522185e-05,8.104219264857138e-08,62,163
A2C_mod,MEDIUM,23,inventory_SKU23,9.858038465522185e-05,0.0,61,658
A2C_mod,MEDIUM,24,inventory_SKU24,9.858038465522185e-05,1.378182917022848e-07,60,110
A2C_mod,MEDIUM,25,inventory_SKU25,9.858038465522181e-05,6.271193676827766e-11,572,399
A2C_mod,MEDIUM,26,inventory_SKU26,9.858038465522185e-05,6.266699449777901e-08,59,191
A2C_mod,MEDIUM,27,inventory_SKU27,9.858038465522185e-05,0.00016996482348920853,58,88
A2C_mod,MEDIUM,28,inventory_SKU28,9.858038465522184e-05,4.989087330758604e-08,437,217
A2C_mod,MEDIUM,29,inventory_SKU29,9.858038465522185e-05,0.0,57,657
A2C_mod,MEDIUM,30,inventory_SKU30,9.858038465522184e-05,0.0007091648562575834,453,40
A2C_mod,MEDIUM,31,inventory_SKU31,9.858038465522181e-05,0.0,573,656
A2C_mod,MEDIUM,32,inventory_SKU32,9.858038465522185e-05,5.957036570947911e-08,56,198
A2C_mod,MEDIUM,33,inventory_SKU33,9.858038465522185e-05,4.223345855652564e-08,55,239
A2C_mod,MEDIUM,34,inventory_SKU34,9.858038465522185e-05,4.66813156582457e-08,54,228
A2C_mod,MEDIUM,35,inventory_SKU35,9.858038465522184e-05,0.0,450,651
A2C_mod,MEDIUM,36,inventory_SKU36,9.858038465522187e-05,2.3076089688482375e-08,32,297
A2C_mod,MEDIUM,37,inventory_SKU37,9.858038465522184e-05,0.0,449,650
A2C_mod,MEDIUM,38,inventory_SKU38,9.858038465522185e-05,0.0,269,649
A2C_mod,MEDIUM,39,inventory_SKU39,9.858038465522184e-05,3.779765619523133e-11,448,407
A2C_mod,MEDIUM,40,inventory_SKU40,9.858038465522184e-05,0.0,447,648
A2C_mod,MEDIUM,41,inventory_SKU41,9.858038465522185e-05,0.0,268,647
A2C_mod,MEDIUM,42,inventory_SKU42,9.858038465522181e-05,0.0,649,646
A2C_mod,MEDIUM,43,inventory_SKU43,9.858038465522184e-05,1.0170507836331644e-07,291,134
A2C_mod,MEDIUM,44,inventory_SKU44,9.858038465522185e-05,0.0,267,645
A2C_mod,MEDIUM,45,inventory_SKU45,9.858038465522187e-05,4.3146007061140035e-12,31,430
A2C_mod,MEDIUM,46,inventory_SKU46,9.858038465522184e-05,4.319635932186658e-05,290,93
A2C_mod,MEDIUM,47,inventory_SKU47,9.858038465522183e-05,4.847904701510383e-08,566,222
A2C_mod,MEDIUM,48,inventory_SKU48,9.858038465522185e-05,0.0,266,644
A2C_mod,MEDIUM,49,inventory_SKU49,9.858038465522183e-05,2.309205172494988e-11,567,414
A2C_mod,MEDIUM,50,inventory_SKU50,9.858038465522184e-05,0.0006904501739206742,289,41
A2C_mod,MEDIUM,51,inventory_SKU51,9.858038465522185e-05,0.0,219,643
A2C_mod,MEDIUM,52,inventory_SKU52,9.858038465522185e-05,1.342703176780138e-10,218,387
A2C_mod,MEDIUM,53,inventory_SKU53,9.858038465522183e-05,6.403038126450224e-08,535,188
A2C_mod,MEDIUM,54,inventory_SKU54,9.858038465522183e-05,2.8780670084944946e-08,536,279
A2C_mod,MEDIUM,55,inventory_SKU55,9.858038465522184e-05,1.0556132970553568e-10,338,392
A2C_mod,MEDIUM,56,inventory_SKU56,9.858038465522185e-05,1.0599946781061205e-07,217,128
A2C_mod,MEDIUM,57,inventory_SKU57,9.858038465522184e-05,1.689253578437424e-07,337,105
A2C_mod,MEDIUM,58,inventory_SKU58,9.858038465522183e-05,4.0611876490435935e-08,537,245
A2C_mod,MEDIUM,59,inventory_SKU59,9.858038465522185e-05,0.0,216,642
A2C_mod,MEDIUM,60,inventory_SKU60,9.858038465522185e-05,6.269560193092697e-09,215,359
A2C_mod,MEDIUM,61,inventory_SKU61,9.858038465522184e-05,0.0,336,641
A2C_mod,MEDIUM,62,inventory_SKU62,9.858038465522185e-05,1.6886153120741958e-08,214,322
A2C_mod,MEDIUM,63,inventory_SKU63,9.858038465522185e-05,0.0,213,640
A2C_mod,MEDIUM,64,inventory_SKU64,9.858038465522185e-05,0.0,212,639
A2C_mod,MEDIUM,65,inventory_SKU65,9.858038465522185e-05,0.0,79,638
A2C_mod,MEDIUM,66,inventory_SKU66,9.858038465522181e-05,1.0404706699252805e-07,639,131
A2C_mod,MEDIUM,67,inventory_SKU67,9.858038465522183e-05,0.0,498,631
A2C_mod,MEDIUM,68,inventory_SKU68,9.858038465522184e-05,0.0,391,630
A2C_mod,MEDIUM,69,inventory_SKU69,9.858038465522185e-05,0.0,71,629
A2C_mod,MEDIUM,70,inventory_SKU70,9.858038465522183e-05,0.0,499,628
A2C_mod,MEDIUM,71,inventory_SKU71,9.858038465522185e-05,1.178333397468219e-07,70,123
A2C_mod,MEDIUM,72,inventory_SKU72,9.858038465522185e-05,0.0,69,627
A2C_mod,MEDIUM,73,inventory_SKU73,9.858038465522181e-05,2.2246875168437669e-10,617,382
A2C_mod,MEDIUM,74,inventory_SKU74,9.858038465522184e-05,0.0012497028664347314,390,12
A2C_mod,MEDIUM,75,inventory_SKU75,9.858038465522183e-05,0.0,500,626
A2C_mod,MEDIUM,76,inventory_SKU76,9.858038465522181e-05,2.890116840852708e-09,618,368
A2C_mod,MEDIUM,77,inventory_SKU77,9.858038465522185e-05,0.0,68,625
A2C_mod,MEDIUM,78,inventory_SKU78,9.858038465522181e-05,0.0,619,624
A2C_mod,MEDIUM,79,inventory_SKU79,9.858038465522185e-05,0.0,67,623
A2C_mod,MEDIUM,80,inventory_SKU80,9.858038465522184e-05,0.0,426,622
A2C_mod,MEDIUM,81,inventory_SKU81,9.858038465522185e-05,3.3613945005189114e-08,66,259
A2C_mod,MEDIUM,82,inventory_SKU82,9.858038465522183e-05,0.0,475,614
A2C_mod,MEDIUM,83,inventory_SKU83,9.858038465522184e-05,0.0009264208115884881,422,25
A2C_mod,MEDIUM,84,inventory_SKU84,9.858038465522185e-05,1.0073042654227469e-10,89,393
A2C_mod,MEDIUM,85,inventory_SKU85,9.858038465522183e-05,0.0,478,613
A2C_mod,MEDIUM,86,inventory_SKU86,9.858038465522187e-05,0.0,34,612
A2C_mod,MEDIUM,87,inventory_SKU87,9.858038465522185e-05,7.98425660369527e-08,88,164
A2C_mod,MEDIUM,88,inventory_SKU88,9.858038465522184e-05,0.0005021998263578785,421,60
A2C_mod,MEDIUM,89,inventory_SKU89,9.858038465522185e-05,9.905370760527296e-09,87,344
A2C_mod,MEDIUM,90,inventory_SKU90,9.858038465522184e-05,1.115215140399713e-08,420,339
A2C_mod,MEDIUM,91,inventory_SKU91,9.858038465522185e-05,0.0,86,611
A2C_mod,MEDIUM,92,inventory_SKU92,9.858038465522183e-05,0.0017430742501587325,479,4
A2C_mod,MEDIUM,93,inventory_SKU93,9.858038465522184e-05,3.1775601262911253e-12,365,433
A2C_mod,MEDIUM,94,inventory_SKU94,9.858038465522183e-05,5.083476265769994e-08,521,215
A2C_mod,MEDIUM,95,inventory_SKU95,9.858038465522184e-05,3.7741020836940596e-08,364,252
A2C_mod,MEDIUM,96,inventory_SKU96,9.858038465522185e-05,8.729024995581793e-08,85,155
A2C_mod,MEDIUM,97,inventory_SKU97,9.858038465522185e-05,0.0,84,610
A2C_mod,MEDIUM,98,inventory_SKU98,9.858038465522185e-05,5.226965963395388e-10,83,376
A2C_mod,MEDIUM,99,inventory_SKU99,9.858038465522185e-05,0.0,101,599
A2C_mod,MEDIUM,100,inventory_SKU100,9.858038465522184e-05,9.727830280836661e-08,293,142
A2C_mod,MEDIUM,101,inventory_SKU101,9.858038465522185e-05,4.926178165596092e-09,100,363
A2C_mod,MEDIUM,102,inventory_SKU102,9.858038465522183e-05,0.0,546,598
A2C_mod,MEDIUM,103,inventory_SKU103,9.858038465522184e-05,0.0,321,597
A2C_mod,MEDIUM,104,inventory_SKU104,9.858038465522184e-05,5.180239420873771e-08,320,212
A2C_mod,MEDIUM,105,inventory_SKU105,9.858038465522184e-05,2.1423499891224603e-10,319,383
A2C_mod,MEDIUM,106,inventory_SKU106,9.858038465522181e-05,0.0,581,596
A2C_mod,MEDIUM,107,inventory_SKU107,9.858038465522181e-05,0.0004679316232948686,582,65
A2C_mod,MEDIUM,108,inventory_SKU108,9.858038465522185e-05,7.337416637818284e-13,99,435
A2C_mod,MEDIUM,109,inventory_SKU109,9.858038465522184e-05,0.0008075806773640237,318,37
A2C_mod,MEDIUM,110,inventory_SKU110,9.858038465522185e-05,0.0,98,595
A2C_mod,MEDIUM,111,inventory_SKU111,9.858038465522184e-05,0.0,317,594
A2C_mod,MEDIUM,112,inventory_SKU112,9.858038465522183e-05,3.358165152908126e-08,547,260
A2C_mod,MEDIUM,113,inventory_SKU113,9.858038465522183e-05,0.00023272917565127495,548,83
A2C_mod,MEDIUM,114,inventory_SKU114,9.858038465522184e-05,0.0,316,587
A2C_mod,MEDIUM,115,inventory_SKU115,9.858038465522184e-05,0.0,351,586
A2C_mod,MEDIUM,116,inventory_SKU116,9.858038465522183e-05,0.0,528,585
A2C_mod,MEDIUM,117,inventory_SKU117,9.858038465522184e-05,0.0,350,584
A2C_mod,MEDIUM,118,inventory_SKU118,9.858038465522184e-05,6.119297620637046e-08,349,195
A2C_mod,MEDIUM,119,inventory_SKU119,9.858038465522185e-05,2.5570102479604927e-08,121,291
A2C_mod,MEDIUM,120,inventory_SKU120,9.858038465522184e-05,1.75269153912546e-07,348,102
A2C_mod,MEDIUM,121,inventory_SKU121,9.858038465522185e-05,0.0,120,583
A2C_mod,MEDIUM,122,inventory_SKU122,9.858038465522184e-05,0.0,347,582
A2C_mod,MEDIUM,123,inventory_SKU123,9.858038465522181e-05,1.4395443319928308e-08,585,331
A2C_mod,MEDIUM,124,inventory_SKU124,9.858038465522184e-05,5.542408547298641e-08,346,204
A2C_mod,MEDIUM,125,inventory_SKU125,9.858038465522187e-05,4.883315149849636e-08,28,220
A2C_mod,MEDIUM,126,inventory_SKU126,9.858038465522185e-05,5.78110804501365e-10,119,375
A2C_mod,MEDIUM,127,inventory_SKU127,9.858038465522185e-05,0.0,118,581
A2C_mod,MEDIUM,128,inventory_SKU128,9.858038465522183e-05,1.0247415903281086e-07,529,133
A2C_mod,MEDIUM,129,inventory_SKU129,9.858038465522184e-05,1.6342254127205085e-08,345,324
A2C_mod,MEDIUM,130,inventory_SKU130,9.858038465522184e-05,0.0,344,580
A2C_mod,MEDIUM,131,inventory_SKU131,9.858038465522185e-05,1.6099516836732004e-08,132,327
A2C_mod,MEDIUM,132,inventory_SKU132,9.858038465522181e-05,0.0,588,579
A2C_mod,MEDIUM,133,inventory_SKU133,9.858038465522183e-05,0.0,520,578
A2C_mod,MEDIUM,134,inventory_SKU134,9.858038465522185e-05,0.0,131,577
A2C_mod,MEDIUM,135,inventory_SKU135,9.858038465522187e-05,5.1771739670682846e-08,27,213
A2C_mod,MEDIUM,136,inventory_SKU136,9.858038465522181e-05,0.0,589,576
A2C_mod,MEDIUM,137,inventory_SKU137,9.858038465522181e-05,0.0012998329319553418,590,10
A2C_mod,MEDIUM,138,inventory_SKU138,9.858038465522185e-05,0.00021834981459643453,130,85
A2C_mod,MEDIUM,139,inventory_SKU139,9.858038465522181e-05,6.333073719711051e-08,591,189
A2C_mod,MEDIUM,140,inventory_SKU140,9.858038465522185e-05,0.0,129,575
A2C_mod,MEDIUM,141,inventory_SKU141,9.858038465522185e-05,4.037636756732889e-08,128,246
A2C_mod,MEDIUM,142,inventory_SKU142,9.858038465522184e-05,0.0,366,574
A2C_mod,MEDIUM,143,inventory_SKU143,9.858038465522185e-05,0.00048402928957008966,127,63
A2C_mod,MEDIUM,144,inventory_SKU144,9.858038465522185e-05,0.001093213176845047,126,19
A2C_mod,MEDIUM,145,inventory_SKU145,9.858038465522184e-05,2.3647920755349416e-11,382,413
A2C_mod,MEDIUM,146,inventory_SKU146,9.858038465522185e-05,0.0008173808070679086,125,36
A2C_mod,MEDIUM,147,inventory_SKU147,9.858038465522183e-05,8.995523209807259e-08,482,150
A2C_mod,MEDIUM,148,inventory_SKU148,9.858038465522185e-05,1.803910283167107e-08,145,313
A2C_mod,MEDIUM,149,inventory_SKU149,9.858038465522184e-05,0.0004165703629720855,416,71
A2C_mod,MEDIUM,150,inventory_SKU150,9.858038465522183e-05,0.0,483,568
A2C_mod,MEDIUM,151,inventory_SKU151,9.858038465522184e-05,7.294293783806848e-08,415,178
A2C_mod,MEDIUM,152,inventory_SKU152,9.858038465522185e-05,0.0,144,567
A2C_mod,MEDIUM,153,inventory_SKU153,9.858038465522184e-05,1.7080935641707955e-07,414,103
A2C_mod,MEDIUM,154,inventory_SKU154,9.858038465522181e-05,2.7324911293714593e-08,595,285
A2C_mod,MEDIUM,155,inventory_SKU155,9.858038465522184e-05,5.157281995054313e-11,413,402
A2C_mod,MEDIUM,156,inventory_SKU156,9.858038465522183e-05,0.0,484,566
A2C_mod,MEDIUM,157,inventory_SKU157,9.858038465522187e-05,1.0569451586629392e-07,25,129
A2C_mod,MEDIUM,158,inventory_SKU158,9.858038465522185e-05,4.2077976103542187e-10,143,379
A2C_mod,MEDIUM,159,inventory_SKU159,9.858038465522185e-05,0.0,142,565
A2C_mod,MEDIUM,160,inventory_SKU160,9.858038465522184e-05,4.8723681251497966e-08,412,221
A2C_mod,MEDIUM,161,inventory_SKU161,9.858038465522183e-05,9.59099254753467e-08,485,144
A2C_mod,MEDIUM,162,inventory_SKU162,9.858038465522185e-05,0.0,141,564
A2C_mod,MEDIUM,163,inventory_SKU163,9.858038465522185e-05,7.247126578089214e-08,162,179
A2C_mod,MEDIUM,164,inventory_SKU164,9.858038465522184e-05,0.0,408,563
A2C_mod,MEDIUM,165,inventory_SKU165,9.858038465522185e-05,0.0,161,562
A2C_mod,MEDIUM,166,inventory_SKU166,9.858038465522185e-05,4.127763413705415e-08,160,241
A2C_mod,MEDIUM,167,inventory_SKU167,9.858038465522183e-05,1.224697523757817e-07,487,118
A2C_mod,MEDIUM,168,inventory_SKU168,9.858038465522183e-05,3.5224615058053765e-08,469,257
A2C_mod,MEDIUM,169,inventory_SKU169,9.858038465522185e-05,6.016327600339332e-08,159,197
A2C_mod,MEDIUM,170,inventory_SKU170,9.858038465522185e-05,8.303711672765763e-08,158,161
A2C_mod,MEDIUM,171,inventory_SKU171,9.858038465522185e-05,0.0,157,561
A2C_mod,MEDIUM,172,inventory_SKU172,9.858038465522185e-05,0.0,156,560
A2C_mod,MEDIUM,173,inventory_SKU173,9.858038465522181e-05,0.0,600,559
A2C_mod,MEDIUM,174,inventory_SKU174,9.858038465522185e-05,7.277524863349337e-11,155,398
A2C_mod,MEDIUM,175,inventory_SKU175,9.858038465522181e-05,1.5053094139310387e-11,601,421
A2C_mod,MEDIUM,176,inventory_SKU176,9.858038465522184e-05,4.437431239563398e-08,436,234
A2C_mod,MEDIUM,177,inventory_SKU177,9.858038465522185e-05,1.5023657540157897e-07,154,109
A2C_mod,MEDIUM,178,inventory_SKU178,9.858038465522184e-05,1.772111908233396e-08,435,316
A2C_mod,MEDIUM,179,inventory_SKU179,9.858038465522183e-05,4.845349028405429e-10,473,377
A2C_mod,MEDIUM,180,inventory_SKU180,9.858038465522184e-05,3.5970905820996615e-08,429,255
A2C_mod,MEDIUM,181,inventory_SKU181,9.858038465522185e-05,0.0,177,551
A2C_mod,MEDIUM,182,inventory_SKU182,9.858038465522184e-05,5.505059475113252e-08,428,206
A2C_mod,MEDIUM,183,inventory_SKU183,9.858038465522184e-05,6.743918593855094e-08,427,184
A2C_mod,MEDIUM,184,inventory_SKU184,9.858038465522183e-05,2.6501949315087285e-08,474,290
A2C_mod,MEDIUM,185,inventory_SKU185,9.858038465522184e-05,9.045393708659069e-11,419,396
A2C_mod,MEDIUM,186,inventory_SKU186,9.858038465522181e-05,0.0,607,550
A2C_mod,MEDIUM,187,inventory_SKU187,9.858038465522183e-05,4.566697747447833e-08,480,233
A2C_mod,MEDIUM,188,inventory_SKU188,9.858038465522185e-05,4.089225191569096e-08,176,243
A2C_mod,MEDIUM,189,inventory_SKU189,9.858038465522185e-05,0.0,175,549
A2C_mod,MEDIUM,190,inventory_SKU190,9.858038465522184e-05,8.418295903306908e-08,418,159
A2C_mod,MEDIUM,191,inventory_SKU191,9.858038465522183e-05,5.2070954425146915e-08,481,209
A2C_mod,MEDIUM,192,inventory_SKU192,9.858038465522181e-05,3.278198664923792e-08,608,263
A2C_mod,MEDIUM,193,inventory_SKU193,9.858038465522181e-05,0.0,609,548
A2C_mod,MEDIUM,194,inventory_SKU194,9.858038465522185e-05,1.6267895753602773e-07,174,107
A2C_mod,MEDIUM,195,inventory_SKU195,9.858038465522185e-05,0.0,195,547
A2C_mod,MEDIUM,196,inventory_SKU196,9.858038465522185e-05,7.873801325382329e-08,194,167
A2C_mod,MEDIUM,197,inventory_SKU197,9.858038465522185e-05,7.745836898484453e-09,193,354
A2C_mod,MEDIUM,198,inventory_SKU198,9.858038465522183e-05,6.206830920681853e-08,509,193
A2C_mod,MEDIUM,199,inventory_SKU199,9.858038465522185e-05,0.0,192,546
A2C_mod,MEDIUM,200,inventory_SKU200,9.858038465522185e-05,0.0,191,545
A2C_mod,MEDIUM,201,inventory_SKU201,9.858038465522181e-05,0.000519934213779338,626,57
A2C_mod,MEDIUM,202,inventory_SKU202,9.858038465522184e-05,0.0015404917142155825,375,5
A2C_mod,MEDIUM,203,inventory_SKU203,9.858038465522185e-05,1.00999560249552e-07,190,135
A2C_mod,MEDIUM,204,inventory_SKU204,9.858038465522184e-05,0.0,374,544
A2C_mod,MEDIUM,205,inventory_SKU205,9.858038465522183e-05,0.0004211261150878998,510,70
A2C_mod,MEDIUM,206,inventory_SKU206,9.858038465522183e-05,0.00039957348276535684,511,73
A2C_mod,MEDIUM,207,inventory_SKU207,9.858038465522184e-05,0.0,373,543
A2C_mod,MEDIUM,208,inventory_SKU208,9.858038465522185e-05,1.3243198464473858e-07,189,114
A2C_mod,MEDIUM,209,inventory_SKU209,9.858038465522184e-05,3.542899738867269e-08,372,256
A2C_mod,MEDIUM,210,inventory_SKU210,9.858038465522185e-05,0.0008527951873139779,188,29
A2C_mod,MEDIUM,211,inventory_SKU211,9.858038465522185e-05,1.6159719674238342e-08,203,326
A2C_mod,MEDIUM,212,inventory_SKU212,9.858038465522185e-05,1.3568201203466257e-11,202,425
A2C_mod,MEDIUM,213,inventory_SKU213,9.858038465522183e-05,9.67924787145607e-08,525,143
A2C_mod,MEDIUM,214,inventory_SKU214,9.858038465522181e-05,0.0,633,534
A2C_mod,MEDIUM,215,inventory_SKU215,9.858038465522185e-05,2.2724087590055582e-08,201,301
A2C_mod,MEDIUM,216,inventory_SKU216,9.858038465522184e-05,2.9408519583842292e-08,356,276
A2C_mod,MEDIUM,217,inventory_SKU217,9.858038465522187e-05,7.844650465611676e-09,22,353
A2C_mod,MEDIUM,218,inventory_SKU218,9.858038465522181e-05,5.3743337343496695e-09,632,361
A2C_mod,MEDIUM,219,inventory_SKU219,9.858038465522185e-05,0.0,200,533
A2C_mod,MEDIUM,220,sales_SKU0,9.858038465522185e-05,0.0004420262255832412,199,67
A2C_mod,MEDIUM,221,sales_SKU1,9.858038465522181e-05,0.0,634,532
A2C_mod,MEDIUM,222,sales_SKU2,9.858038465522181e-05,0.00213770017253725,635,1
A2C_mod,MEDIUM,223,sales_SKU3,9.858038465522185e-05,4.068824985064755e-12,240,431
A2C_mod,MEDIUM,224,sales_SKU4,9.858038465522184e-05,1.8978443813940942e-11,355,419
A2C_mod,MEDIUM,225,sales_SKU5,9.858038465522187e-05,0.000832293247681542,21,35
A2C_mod,MEDIUM,226,sales_SKU6,9.858038465522185e-05,2.3193761526614093e-09,239,370
A2C_mod,MEDIUM,227,sales_SKU7,9.858038465522185e-05,0.0009233447606826512,238,26
A2C_mod,MEDIUM,228,sales_SKU8,9.858038465522184e-05,4.245137143907618e-08,354,237
A2C_mod,MEDIUM,229,sales_SKU9,9.858038465522183e-05,0.0,526,531
A2C_mod,MEDIUM,230,sales_SKU10,9.858038465522181e-05,3.348299937753206e-11,637,408
A2C_mod,MEDIUM,231,sales_SKU11,9.858038465522187e-05,4.150725505793105e-10,20,380
A2C_mod,MEDIUM,232,sales_SKU12,9.858038465522184e-05,4.2329028746872714e-08,335,238
A2C_mod,MEDIUM,233,sales_SKU13,9.858038465522184e-05,1.6605657828975954e-07,334,106
A2C_mod,MEDIUM,234,sales_SKU14,9.858038465522184e-05,6.942807214116264e-09,333,355
A2C_mod,MEDIUM,235,sales_SKU15,9.858038465522185e-05,0.0005120715138566978,237,58
A2C_mod,MEDIUM,236,sales_SKU16,9.858038465522184e-05,4.812262434107651e-08,332,223
A2C_mod,MEDIUM,237,sales_SKU17,9.858038465522181e-05,2.3589080620633375e-08,641,296
A2C_mod,MEDIUM,238,sales_SKU18,9.858038465522185e-05,0.0,236,530
A2C_mod,MEDIUM,239,sales_SKU19,9.858038465522185e-05,1.2627764248348782e-07,235,117
A2C_mod,MEDIUM,240,sales_SKU20,9.858038465522183e-05,3.122631963069152e-08,538,269
A2C_mod,MEDIUM,241,sales_SKU21,0.00036880008565578956,1.1141340549819505e-08,2,340
A2C_mod,MEDIUM,242,sales_SKU22,9.858038465522184e-05,0.0,331,521
A2C_mod,MEDIUM,243,sales_SKU23,9.858038465522185e-05,0.0,247,520
A2C_mod,MEDIUM,244,sales_SKU24,9.858038465522184e-05,0.0,324,519
A2C_mod,MEDIUM,245,sales_SKU25,9.858038465522185e-05,5.199240228218628e-08,246,210
A2C_mod,MEDIUM,246,sales_SKU26,9.858038465522184e-05,9.727035495447876e-11,323,394
A2C_mod,MEDIUM,247,sales_SKU27,9.858038465522185e-05,0.0,245,518
A2C_mod,MEDIUM,248,sales_SKU28,9.858038465522185e-05,1.81617945590855e-07,244,100
A2C_mod,MEDIUM,249,sales_SKU29,9.858038465522184e-05,0.00018285761676813242,322,87
A2C_mod,MEDIUM,250,sales_SKU30,9.858038465522184e-05,0.0,311,517
A2C_mod,MEDIUM,251,sales_SKU31,9.858038465522184e-05,0.0,310,516
A2C_mod,MEDIUM,252,sales_SKU32,9.858038465522187e-05,2.664267938520432e-08,18,289
A2C_mod,MEDIUM,253,sales_SKU33,9.858038465522185e-05,5.808350152954835e-08,243,202
A2C_mod,MEDIUM,254,sales_SKU34,9.858038465522183e-05,0.0009204558040058034,552,27
A2C_mod,MEDIUM,255,sales_SKU35,9.858038465522187e-05,4.577533505738713e-08,17,232
A2C_mod,MEDIUM,256,sales_SKU36,9.858038465522184e-05,0.0005596773595465236,309,50
A2C_mod,MEDIUM,257,sales_SKU37,9.858038465522185e-05,8.213027396338358e-08,242,162
A2C_mod,MEDIUM,258,sales_SKU38,9.858038465522181e-05,2.1235709650714978e-09,647,371
A2C_mod,MEDIUM,259,sales_SKU39,9.858038465522185e-05,0.0,256,515
A2C_mod,MEDIUM,260,sales_SKU40,9.858038465522183e-05,6.323573270840165e-08,555,190
A2C_mod,MEDIUM,261,sales_SKU41,9.858038465522184e-05,2.978815396666257e-08,305,275
A2C_mod,MEDIUM,262,sales_SKU42,9.858038465522183e-05,9.028357029288859e-08,556,149
A2C_mod,MEDIUM,263,sales_SKU43,9.858038465522183e-05,0.0,557,514
A2C_mod,MEDIUM,264,sales_SKU44,9.858038465522183e-05,3.788502107020063e-09,558,365
A2C_mod,MEDIUM,265,sales_SKU45,9.858038465522183e-05,0.000377528682797676,559,75
A2C_mod,MEDIUM,266,sales_SKU46,9.858038465522183e-05,0.0,560,513
A2C_mod,MEDIUM,267,sales_SKU47,9.858038465522183e-05,0.0005400248598177246,565,53
A2C_mod,MEDIUM,268,sales_SKU48,9.858038465522184e-05,0.0,292,512
A2C_mod,MEDIUM,269,sales_SKU49,9.858038465522187e-05,0.0009357477104159563,12,24
A2C_mod,MEDIUM,270,sales_SKU50,9.858038465522183e-05,9.457613758791058e-05,570,91
A2C_mod,MEDIUM,271,sales_SKU51,9.858038465522184e-05,0.0,444,511
A2C_mod,MEDIUM,272,sales_SKU52,9.858038465522181e-05,0.00042255393138285424,636,68
A2C_mod,MEDIUM,273,sales_SKU53,9.858038465522185e-05,3.6442334770510836e-08,255,254
A2C_mod,MEDIUM,274,sales_SKU54,9.858038465522183e-05,6.9656511390195e-10,461,373
A2C_mod,MEDIUM,275,sales_SKU55,9.858038465522184e-05,4.205902420435231e-08,441,240
A2C_mod,MEDIUM,276,sales_SKU56,0.000251444975099957,5.502872808399383e-08,6,207
A2C_mod,MEDIUM,277,sales_SKU57,9.858038465522185e-05,0.0008347075508454833,45,31
A2C_mod,MEDIUM,278,sales_SKU58,9.858038465522183e-05,0.00030024945840679006,464,79
A2C_mod,MEDIUM,279,sales_SKU59,9.858038465522185e-05,0.0004723092900436192,44,64
A2C_mod,MEDIUM,280,sales_SKU60,9.858038465522183e-05,0.0,465,505
A2C_mod,MEDIUM,281,sales_SKU61,9.858038465522181e-05,2.5158061733228763e-08,656,292
A2C_mod,MEDIUM,282,sales_SKU62,9.858038465522181e-05,4.0625213626631527e-08,657,244
A2C_mod,MEDIUM,283,sales_SKU63,9.858038465522185e-05,2.4550958669485397e-11,43,412
A2C_mod,MEDIUM,284,sales_SKU64,9.858038465522183e-05,0.0017630039341207462,457,3
A2C_mod,MEDIUM,285,sales_SKU65,9.858038465522183e-05,0.0,458,504
A2C_mod,MEDIUM,286,sales_SKU66,9.858038465522184e-05,2.206040884040884e-08,446,302
A2C_mod,MEDIUM,287,sales_SKU67,9.858038465522183e-05,5.840486552498147e-11,459,400
A2C_mod,MEDIUM,288,sales_SKU68,9.858038465522184e-05,1.3552767755421737e-08,445,334
A2C_mod,MEDIUM,289,sales_SKU69,9.858038465522185e-05,0.0011963817377100012,42,15
A2C_mod,MEDIUM,290,sales_SKU70,9.858038465522183e-05,1.1261317183083196e-10,460,389
A2C_mod,MEDIUM,291,sales_SKU71,9.858038465522185e-05,0.0,254,503
A2C_mod,MEDIUM,292,sales_SKU72,9.858038465522185e-05,5.0358466755996456e-08,253,216
A2C_mod,MEDIUM,293,sales_SKU73,9.858038465522185e-05,0.0,252,502
A2C_mod,MEDIUM,294,sales_SKU74,0.0002670147335435123,3.935015752868915e-09,5,364
A2C_mod,MEDIUM,295,sales_SKU75,9.858038465522183e-05,6.665022613961455e-08,462,185
A2C_mod,MEDIUM,296,sales_SKU76,9.858038465522184e-05,2.4883797763577778e-11,443,411
A2C_mod,MEDIUM,297,sales_SKU77,9.858038465522185e-05,0.0,49,501
A2C_mod,MEDIUM,298,sales_SKU78,9.858038465522185e-05,0.0,48,500
A2C_mod,MEDIUM,299,sales_SKU79,9.858038465522185e-05,1.817270486797024e-08,47,311
A2C_mod,MEDIUM,300,sales_SKU80,0.00014665952197942398,3.17612215867232e-08,9,267
A2C_mod,MEDIUM,301,sales_SKU81,9.858038465522183e-05,0.0,463,499
A2C_mod,MEDIUM,302,sales_SKU82,9.858038465522184e-05,0.0,442,498
A2C_mod,MEDIUM,303,sales_SKU83,9.858038465522181e-05,2.88158835200689e-08,653,278
A2C_mod,MEDIUM,304,sales_SKU84,9.858038465522181e-05,2.8563770335105203e-08,654,280
A2C_mod,MEDIUM,305,sales_SKU85,9.858038465522181e-05,0.0,655,497
A2C_mod,MEDIUM,306,sales_SKU86,9.858038465522185e-05,0.0006175194008483588,46,46
A2C_mod,MEDIUM,307,sales_SKU87,9.858038465522185e-05,0.00042146613101336477,241,69
A2C_mod,MEDIUM,308,sales_SKU88,9.858038465522185e-05,6.670327804573826e-05,260,92
A2C_mod,MEDIUM,309,sales_SKU89,9.858038465522187e-05,0.0002990641501231756,15,80
A2C_mod,MEDIUM,310,sales_SKU90,9.858038465522187e-05,0.0,10,493
A2C_mod,MEDIUM,311,sales_SKU91,9.858038465522183e-05,0.0,553,492
A2C_mod,MEDIUM,312,sales_SKU92,9.858038465522187e-05,0.0003926846100254004,11,74
A2C_mod,MEDIUM,313,sales_SKU93,0.0002670147335435123,1.983298018357011e-07,4,99
A2C_mod,MEDIUM,314,sales_SKU94,9.858038465522185e-05,5.330084191704496e-11,259,401
A2C_mod,MEDIUM,315,sales_SKU95,9.858038465522183e-05,5.8813894033005286e-08,554,201
A2C_mod,MEDIUM,316,sales_SKU96,9.858038465522184e-05,1.5787077866636422e-07,308,108
A2C_mod,MEDIUM,317,sales_SKU97,9.858038465522185e-05,1.0422013615479096e-07,258,130
A2C_mod,MEDIUM,318,sales_SKU98,9.858038465522187e-05,7.386568206128001e-08,13,176
A2C_mod,MEDIUM,319,sales_SKU99,9.858038465522184e-05,0.0005573344224787211,307,51
A2C_mod,MEDIUM,320,sales_SKU100,9.858038465522184e-05,1.3117324558074897e-08,306,336
A2C_mod,MEDIUM,321,sales_SKU101,9.858038465522181e-05,2.230393243069005e-05,648,94
A2C_mod,MEDIUM,322,sales_SKU102,9.858038465522185e-05,4.694120399713141e-08,257,227
A2C_mod,MEDIUM,323,sales_SKU103,9.858038465522185e-05,2.023339870494869e-11,228,417
A2C_mod,MEDIUM,324,sales_SKU104,9.858038465522183e-05,0.0006150463835865733,541,47
A2C_mod,MEDIUM,325,sales_SKU105,0.00041356917055216747,0.0005360549855542156,1,54
A2C_mod,MEDIUM,326,sales_SKU106,9.858038465522185e-05,0.0011335777690425683,251,17
A2C_mod,MEDIUM,327,sales_SKU107,9.858038465522185e-05,0.0005064775174480218,250,59
A2C_mod,MEDIUM,328,sales_SKU108,9.858038465522185e-05,0.0,249,491
A2C_mod,MEDIUM,329,sales_SKU109,9.858038465522183e-05,8.125121685108396e-09,542,352
A2C_mod,MEDIUM,330,sales_SKU110,9.858038465522183e-05,7.657803972805601e-08,543,172
A2C_mod,MEDIUM,331,sales_SKU111,9.858038465522185e-05,0.0010090173787248651,248,21
A2C_mod,MEDIUM,332,sales_SKU112,0.0003339435127221206,1.7581615343029902e-08,3,318
A2C_mod,MEDIUM,333,sales_SKU113,9.858038465522183e-05,2.0665046699902598e-07,544,96
A2C_mod,MEDIUM,334,sales_SKU114,9.858038465522183e-05,0.0013257619364754557,545,9
A2C_mod,MEDIUM,335,sales_SKU115,9.858038465522184e-05,9.81615621460453e-08,325,141
A2C_mod,MEDIUM,336,sales_SKU116,9.858038465522187e-05,0.0012130230699797437,19,13
A2C_mod,MEDIUM,337,sales_SKU117,9.858038465522181e-05,0.0,645,490
A2C_mod,MEDIUM,338,sales_SKU118,9.858038465522181e-05,0.00064604888410136,646,45
A2C_mod,MEDIUM,339,sales_SKU119,9.858038465522183e-05,6.138107961588518e-08,539,194
A2C_mod,MEDIUM,340,sales_SKU120,9.858038465522181e-05,7.018588331244063e-08,642,182
A2C_mod,MEDIUM,341,sales_SKU121,9.858038465522185e-05,5.1926254384333014e-08,234,211
A2C_mod,MEDIUM,342,sales_SKU122,9.858038465522185e-05,0.0,233,489
A2C_mod,MEDIUM,343,sales_SKU123,9.858038465522184e-05,0.0012627953571261827,330,11
A2C_mod,MEDIUM,344,sales_SKU124,9.858038465522181e-05,1.5799107886761286e-08,643,328
A2C_mod,MEDIUM,345,sales_SKU125,9.858038465522181e-05,6.926457888774644e-09,644,357
A2C_mod,MEDIUM,346,sales_SKU126,9.858038465522185e-05,2.4856116451036817e-08,232,294
A2C_mod,MEDIUM,347,sales_SKU127,9.858038465522185e-05,3.955982333503247e-11,231,406
A2C_mod,MEDIUM,348,sales_SKU128,9.858038465522183e-05,8.757257553168612e-08,540,154
A2C_mod,MEDIUM,349,sales_SKU129,9.858038465522184e-05,0.0,329,488
A2C_mod,MEDIUM,350,sales_SKU130,9.858038465522184e-05,0.0,328,487
A2C_mod,MEDIUM,351,sales_SKU131,9.858038465522185e-05,2.275563527566487e-08,230,300
A2C_mod,MEDIUM,352,sales_SKU132,9.858038465522184e-05,0.0,327,486
A2C_mod,MEDIUM,353,sales_SKU133,9.858038465522185e-05,9.39375838745865e-11,229,395
A2C_mod,MEDIUM,354,sales_SKU134,9.858038465522184e-05,0.0008598492625751222,326,28
A2C_mod,MEDIUM,355,sales_SKU135,9.858038465522185e-05,1.8884336246588033e-08,183,309
A2C_mod,MEDIUM,356,sales_SKU136,9.858038465522181e-05,1.219012661398699e-07,628,119
A2C_mod,MEDIUM,357,sales_SKU137,9.858038465522185e-05,0.0,211,485
A2C_mod,MEDIUM,358,sales_SKU138,9.858038465522183e-05,0.00022903081935011886,523,84
A2C_mod,MEDIUM,359,sales_SKU139,9.858038465522185e-05,1.5002412726538805e-10,210,386
A2C_mod,MEDIUM,360,sales_SKU140,9.858038465522184e-05,1.300911198650425e-07,358,116
A2C_mod,MEDIUM,361,sales_SKU141,0.0002179308600899136,0.0003003030316491192,7,78
A2C_mod,MEDIUM,362,sales_SKU142,9.858038465522185e-05,0.0,209,484
A2C_mod,MEDIUM,363,sales_SKU143,0.00021730587351056747,2.938576271201732e-08,8,277
A2C_mod,MEDIUM,364,sales_SKU144,9.858038465522185e-05,1.0987805565687204e-07,208,126
A2C_mod,MEDIUM,365,sales_SKU145,9.858038465522185e-05,0.0013441608901334976,207,8
A2C_mod,MEDIUM,366,sales_SKU146,9.858038465522185e-05,1.4758980544606098e-11,206,423
A2C_mod,MEDIUM,367,sales_SKU147,9.858038465522185e-05,1.0317131504288496e-07,205,132
A2C_mod,MEDIUM,368,sales_SKU148,9.858038465522183e-05,0.00110938055099304,524,18
A2C_mod,MEDIUM,369,sales_SKU149,9.858038465522184e-05,0.0,357,483
A2C_mod,MEDIUM,370,sales_SKU150,9.858038465522185e-05,8.502084277969481e-08,204,158
A2C_mod,MEDIUM,371,sales_SKU151,9.858038465522184e-05,3.7470800567217976e-08,371,253
A2C_mod,MEDIUM,372,sales_SKU152,9.858038465522183e-05,0.0,512,482
A2C_mod,MEDIUM,373,sales_SKU153,9.858038465522185e-05,4.265593180882813e-08,187,236
A2C_mod,MEDIUM,374,sales_SKU154,9.858038465522181e-05,0.0,627,481
A2C_mod,MEDIUM,375,sales_SKU155,9.858038465522181e-05,1.1681035714538045e-11,629,426
A2C_mod,MEDIUM,376,sales_SKU156,9.858038465522185e-05,0.00019933054547380353,186,86
A2C_mod,MEDIUM,377,sales_SKU157,9.858038465522183e-05,0.0,513,480
A2C_mod,MEDIUM,378,sales_SKU158,9.858038465522183e-05,0.0,514,479
A2C_mod,MEDIUM,379,sales_SKU159,9.858038465522183e-05,2.1388996576954575e-08,522,304
A2C_mod,MEDIUM,380,sales_SKU160,9.858038465522184e-05,0.0004879674348429188,361,62
A2C_mod,MEDIUM,381,sales_SKU161,9.858038465522185e-05,3.134502112237933e-08,185,268
A2C_mod,MEDIUM,382,sales_SKU162,9.858038465522181e-05,0.0,630,478
A2C_mod,MEDIUM,383,sales_SKU163,9.858038465522185e-05,0.0,184,477
A2C_mod,MEDIUM,384,sales_SKU164,9.858038465522184e-05,0.0008333666065979006,360,33
A2C_mod,MEDIUM,385,sales_SKU165,9.858038465522184e-05,7.877434786778822e-08,359,166
A2C_mod,MEDIUM,386,sales_SKU166,9.858038465522181e-05,3.31371440048938e-08,631,261
A2C_mod,MEDIUM,387,sales_SKU167,9.858038465522183e-05,0.0,506,470
A2C_mod,MEDIUM,388,sales_SKU168,9.858038465522185e-05,0.0,168,469
A2C_mod,MEDIUM,389,sales_SKU169,9.85803846552218e-05,1.6682916468622283e-08,660,323
A2C_mod,MEDIUM,390,sales_SKU170,9.858038465522185e-05,3.3407206353150565e-11,167,409
A2C_mod,MEDIUM,391,sales_SKU171,9.858038465522183e-05,3.01787516748045e-08,507,273
A2C_mod,MEDIUM,392,sales_SKU172,9.858038465522181e-05,3.722530817947194e-09,620,366
A2C_mod,MEDIUM,393,sales_SKU173,9.858038465522181e-05,0.0011998020237810531,621,14
A2C_mod,MEDIUM,394,sales_SKU174,9.858038465522181e-05,0.00015349233153745466,622,89
A2C_mod,MEDIUM,395,sales_SKU175,9.858038465522181e-05,0.0007980037466695148,623,38
A2C_mod,MEDIUM,396,sales_SKU176,9.858038465522181e-05,9.829406518826761e-08,625,140
A2C_mod,MEDIUM,397,sales_SKU177,9.858038465522184e-05,4.802403532216437e-11,376,403
A2C_mod,MEDIUM,398,sales_SKU178,9.858038465522185e-05,0.0,198,468
A2C_mod,MEDIUM,399,sales_SKU179,9.858038465522185e-05,0.0009723466468608279,197,23
A2C_mod,MEDIUM,400,sales_SKU180,9.858038465522183e-05,0.0,508,467
A2C_mod,MEDIUM,401,sales_SKU181,9.858038465522181e-05,0.000832688012102024,624,34
A2C_mod,MEDIUM,402,sales_SKU182,9.858038465522185e-05,9.810164440867554e-09,196,345
A2C_mod,MEDIUM,403,sales_SKU183,9.858038465522183e-05,0.0013758635165192238,492,6
A2C_mod,MEDIUM,404,sales_SKU184,9.858038465522184e-05,0.001006146960358983,400,22
A2C_mod,MEDIUM,405,sales_SKU185,9.858038465522185e-05,0.0,171,466
A2C_mod,MEDIUM,406,sales_SKU186,9.858038465522183e-05,3.079375279075598e-08,493,271
A2C_mod,MEDIUM,407,sales_SKU187,9.858038465522183e-05,0.0,494,465
A2C_mod,MEDIUM,408,sales_SKU188,9.858038465522184e-05,0.0,399,464
A2C_mod,MEDIUM,409,sales_SKU189,9.858038465522181e-05,8.00312214956678e-11,613,397
A2C_mod,MEDIUM,410,sales_SKU190,9.858038465522184e-05,0.0,398,463
A2C_mod,MEDIUM,411,sales_SKU191,9.858038465522183e-05,0.0005817654947767153,495,48
A2C_mod,MEDIUM,412,sales_SKU192,9.858038465522181e-05,0.0,614,462
A2C_mod,MEDIUM,413,sales_SKU193,9.858038465522184e-05,9.92422021693598e-08,397,139
A2C_mod,MEDIUM,414,sales_SKU194,9.858038465522181e-05,0.0,615,461
A2C_mod,MEDIUM,415,sales_SKU195,9.858038465522184e-05,0.0,389,460
A2C_mod,MEDIUM,416,sales_SKU196,9.858038465522185e-05,0.0006537807327799006,170,44
A2C_mod,MEDIUM,417,sales_SKU197,9.858038465522183e-05,0.0,505,459
A2C_mod,MEDIUM,418,sales_SKU198,9.858038465522185e-05,4.6129244542592644e-08,169,230
A2C_mod,MEDIUM,419,sales_SKU199,9.858038465522183e-05,0.0013678560682089352,488,7
A2C_mod,MEDIUM,420,sales_SKU200,9.858038465522183e-05,0.00026550424983735297,489,81
A2C_mod,MEDIUM,421,sales_SKU201,9.858038465522183e-05,0.0004110061845442413,490,72
A2C_mod,MEDIUM,422,sales_SKU202,9.858038465522183e-05,0.002083773781835508,491,2
A2C_mod,MEDIUM,423,sales_SKU203,9.858038465522181e-05,1.1260287693393425e-10,610,390
A2C_mod,MEDIUM,424,sales_SKU204,9.858038465522184e-05,2.796379721250171e-08,407,283
A2C_mod,MEDIUM,425,sales_SKU205,9.858038465522185e-05,2.295642056464956e-08,173,299
A2C_mod,MEDIUM,426,sales_SKU206,9.858038465522184e-05,3.2513699710388854e-08,406,264
A2C_mod,MEDIUM,427,sales_SKU207,9.858038465522184e-05,9.50541114783129e-08,405,145
A2C_mod,MEDIUM,428,sales_SKU208,9.858038465522184e-05,0.0,404,451
A2C_mod,MEDIUM,429,sales_SKU209,9.858038465522184e-05,2.2979152063317886e-08,403,298
A2C_mod,MEDIUM,430,sales_SKU210,9.858038465522181e-05,0.0008345726752063139,611,32
A2C_mod,MEDIUM,431,sales_SKU211,9.858038465522184e-05,0.0,402,450
A2C_mod,MEDIUM,432,sales_SKU212,9.858038465522184e-05,2.263407156937056e-11,401,415
A2C_mod,MEDIUM,433,sales_SKU213,9.858038465522185e-05,0.000534986211674377,172,55
A2C_mod,MEDIUM,434,sales_SKU214,9.858038465522181e-05,0.0,612,458
A2C_mod,MEDIUM,435,sales_SKU215,9.858038465522185e-05,4.745864688620312e-08,153,225
A2C_mod,MEDIUM,436,sales_SKU216,9.858038465522185e-05,8.784041167435826e-09,152,351
A2C_mod,MEDIUM,437,sales_SKU217,9.858038465522184e-05,0.0,434,457
A2C_mod,MEDIUM,438,sales_SKU218,9.858038465522184e-05,0.0011813130231934446,433,16
A2C_mod,MEDIUM,439,sales_SKU219,9.858038465522183e-05,0.0,470,456
A2C_mod,MEDIUM,440,waste_feat_SKU0,9.858038465522185e-05,1.6938558269795628e-07,182,104
A2C_mod,MEDIUM,441,waste_feat_SKU1,9.858038465522184e-05,0.0005747933180179766,432,49
A2C_mod,MEDIUM,442,waste_feat_SKU2,9.858038465522185e-05,0.0,181,455
A2C_mod,MEDIUM,443,waste_feat_SKU3,9.858038465522184e-05,1.0344050891952884e-08,431,342
A2C_mod,MEDIUM,444,waste_feat_SKU4,9.858038465522184e-05,0.0,430,454
A2C_mod,MEDIUM,445,waste_feat_SKU5,9.858038465522185e-05,0.0,180,453
A2C_mod,MEDIUM,446,waste_feat_SKU6,9.858038465522185e-05,4.004921503310018e-11,179,404
A2C_mod,MEDIUM,447,waste_feat_SKU7,9.858038465522181e-05,1.3282512497711365e-07,602,113
A2C_mod,MEDIUM,448,waste_feat_SKU8,9.858038465522183e-05,0.0,471,452
A2C_mod,MEDIUM,449,waste_feat_SKU9,9.858038465522185e-05,4.018837482300567e-08,178,247
A2C_mod,MEDIUM,450,waste_feat_SKU10,9.858038465522183e-05,3.908699701733928e-08,472,250
A2C_mod,MEDIUM,451,waste_feat_SKU11,9.858038465522184e-05,1.829840988045362e-08,411,310
A2C_mod,MEDIUM,452,waste_feat_SKU12,9.858038465522185e-05,0.0,140,476
A2C_mod,MEDIUM,453,waste_feat_SKU13,9.858038465522181e-05,9.294746914346785e-09,596,348
A2C_mod,MEDIUM,454,waste_feat_SKU14,9.858038465522184e-05,1.738866983262975e-08,410,319
A2C_mod,MEDIUM,455,waste_feat_SKU15,9.858038465522185e-05,1.939696352310249e-08,139,308
A2C_mod,MEDIUM,456,waste_feat_SKU16,9.858038465522184e-05,0.0,409,475
A2C_mod,MEDIUM,457,waste_feat_SKU17,9.858038465522185e-05,6.727871278453521e-09,138,358
A2C_mod,MEDIUM,458,waste_feat_SKU18,9.858038465522181e-05,0.00035534816510817725,597,77
A2C_mod,MEDIUM,459,waste_feat_SKU19,9.858038465522181e-05,0.0,598,474
A2C_mod,MEDIUM,460,waste_feat_SKU20,9.858038465522183e-05,4.3417311796449914e-08,486,235
A2C_mod,MEDIUM,461,waste_feat_SKU21,9.858038465522187e-05,0.0,23,473
A2C_mod,MEDIUM,462,waste_feat_SKU22,9.858038465522185e-05,1.7691733398080933e-08,166,317
A2C_mod,MEDIUM,463,waste_feat_SKU23,9.858038465522185e-05,7.099447410351404e-08,165,181
A2C_mod,MEDIUM,464,waste_feat_SKU24,9.858038465522185e-05,0.0,164,472
A2C_mod,MEDIUM,465,waste_feat_SKU25,9.858038465522181e-05,0.0,599,471
A2C_mod,MEDIUM,466,waste_feat_SKU26,9.858038465522185e-05,2.745626750157957e-08,163,284
A2C_mod,MEDIUM,467,waste_feat_SKU27,9.858038465522185e-05,1.0074711873690665e-07,124,137
A2C_mod,MEDIUM,468,waste_feat_SKU28,9.858038465522184e-05,1.1034963295235883e-07,381,125
A2C_mod,MEDIUM,469,waste_feat_SKU29,9.858038465522185e-05,2.031201926554518e-07,151,97
A2C_mod,MEDIUM,470,waste_feat_SKU30,9.858038465522184e-05,1.1924890285792006e-08,380,338
A2C_mod,MEDIUM,471,waste_feat_SKU31,9.858038465522181e-05,1.006622069512694e-07,593,138
A2C_mod,MEDIUM,472,waste_feat_SKU32,9.858038465522185e-05,1.3290038919962038e-08,150,335
A2C_mod,MEDIUM,473,waste_feat_SKU33,9.858038465522185e-05,9.187177839054505e-08,149,148
A2C_mod,MEDIUM,474,waste_feat_SKU34,9.858038465522185e-05,6.769604974226621e-10,148,374
A2C_mod,MEDIUM,475,waste_feat_SKU35,9.858038465522184e-05,1.8158540747526646e-08,379,312
A2C_mod,MEDIUM,476,waste_feat_SKU36,9.858038465522187e-05,6.258987443624235e-08,24,192
A2C_mod,MEDIUM,477,waste_feat_SKU37,9.858038465522184e-05,1.7056300248674276e-10,378,385
A2C_mod,MEDIUM,478,waste_feat_SKU38,9.858038465522185e-05,0.0,147,496
A2C_mod,MEDIUM,479,waste_feat_SKU39,9.858038465522184e-05,0.0,377,495
A2C_mod,MEDIUM,480,waste_feat_SKU40,9.858038465522184e-05,1.6371161523942842e-11,417,420
A2C_mod,MEDIUM,481,waste_feat_SKU41,9.858038465522185e-05,0.0,146,494
A2C_mod,MEDIUM,482,waste_feat_SKU42,9.858038465522181e-05,0.0,594,510
A2C_mod,MEDIUM,483,waste_feat_SKU43,9.858038465522184e-05,4.7214929487095114e-08,340,226
A2C_mod,MEDIUM,484,waste_feat_SKU44,9.858038465522185e-05,9.800476293688911e-09,137,346
A2C_mod,MEDIUM,485,waste_feat_SKU45,9.858038465522187e-05,0.00024923494247642517,26,82
A2C_mod,MEDIUM,486,waste_feat_SKU46,9.858038465522184e-05,0.0,370,509
A2C_mod,MEDIUM,487,waste_feat_SKU47,9.858038465522183e-05,2.5023737496028342e-08,515,293
A2C_mod,MEDIUM,488,waste_feat_SKU48,9.858038465522185e-05,0.0,136,508
A2C_mod,MEDIUM,489,waste_feat_SKU49,9.858038465522183e-05,0.0005550302155274749,516,52
A2C_mod,MEDIUM,490,waste_feat_SKU50,9.858038465522184e-05,2.7235772156736462e-08,369,286
A2C_mod,MEDIUM,491,waste_feat_SKU51,9.858038465522185e-05,0.0,135,507
A2C_mod,MEDIUM,492,waste_feat_SKU52,9.858038465522185e-05,8.60612881770647e-08,134,156
A2C_mod,MEDIUM,493,waste_feat_SKU53,9.858038465522183e-05,3.429543345114196e-07,517,95
A2C_mod,MEDIUM,494,waste_feat_SKU54,9.858038465522183e-05,2.1399125119474627e-11,518,416
A2C_mod,MEDIUM,495,waste_feat_SKU55,9.858038465522184e-05,1.3773449194539908e-07,368,111
A2C_mod,MEDIUM,496,waste_feat_SKU56,9.858038465522185e-05,2.359802169957561e-08,133,295
A2C_mod,MEDIUM,497,waste_feat_SKU57,9.858038465522184e-05,0.0,367,506
A2C_mod,MEDIUM,498,waste_feat_SKU58,9.858038465522183e-05,7.378758810712244e-08,519,177
A2C_mod,MEDIUM,499,waste_feat_SKU59,9.858038465522185e-05,0.0,117,529
A2C_mod,MEDIUM,500,waste_feat_SKU60,9.858038465522185e-05,1.7820023893450208e-08,116,314
A2C_mod,MEDIUM,501,waste_feat_SKU61,9.858038465522184e-05,4.587716525509501e-08,343,231
A2C_mod,MEDIUM,502,waste_feat_SKU62,9.858038465522185e-05,0.0,115,528
A2C_mod,MEDIUM,503,waste_feat_SKU63,9.858038465522185e-05,0.0,114,527
A2C_mod,MEDIUM,504,waste_feat_SKU64,9.858038465522185e-05,0.0,113,526
A2C_mod,MEDIUM,505,waste_feat_SKU65,9.858038465522185e-05,6.11070393706413e-08,112,196
A2C_mod,MEDIUM,506,waste_feat_SKU66,9.858038465522181e-05,3.956121081293313e-11,586,405
A2C_mod,MEDIUM,507,waste_feat_SKU67,9.858038465522183e-05,4.936044641533585e-08,530,219
A2C_mod,MEDIUM,508,waste_feat_SKU68,9.858038465522184e-05,0.0,342,525
A2C_mod,MEDIUM,509,waste_feat_SKU69,9.858038465522185e-05,0.0008400942301705868,111,30
A2C_mod,MEDIUM,510,waste_feat_SKU70,9.858038465522183e-05,0.0,531,524
A2C_mod,MEDIUM,511,waste_feat_SKU71,9.858038465522185e-05,0.0,110,523
A2C_mod,MEDIUM,512,waste_feat_SKU72,9.858038465522185e-05,0.0,109,522
A2C_mod,MEDIUM,513,waste_feat_SKU73,9.858038465522181e-05,5.2192110173651835e-09,587,362
A2C_mod,MEDIUM,514,waste_feat_SKU74,9.858038465522184e-05,1.0257899434628397e-08,341,343
A2C_mod,MEDIUM,515,waste_feat_SKU75,9.858038465522183e-05,3.8107544297687075e-08,549,251
A2C_mod,MEDIUM,516,waste_feat_SKU76,9.858038465522181e-05,0.0,583,542
A2C_mod,MEDIUM,517,waste_feat_SKU77,9.858038465522185e-05,0.0,97,541
A2C_mod,MEDIUM,518,waste_feat_SKU78,9.858038465522181e-05,0.0,584,540
A2C_mod,MEDIUM,519,waste_feat_SKU79,9.858038465522185e-05,0.0,96,539
A2C_mod,MEDIUM,520,waste_feat_SKU80,9.858038465522184e-05,3.187610480174982e-08,315,265
A2C_mod,MEDIUM,521,waste_feat_SKU81,9.858038465522185e-05,0.0,95,538
A2C_mod,MEDIUM,522,waste_feat_SKU82,9.858038465522183e-05,3.9588828765173e-08,550,248
A2C_mod,MEDIUM,523,waste_feat_SKU83,9.858038465522184e-05,2.0107702760122913e-11,314,418
A2C_mod,MEDIUM,524,waste_feat_SKU84,9.858038465522185e-05,0.0,94,537
A2C_mod,MEDIUM,525,waste_feat_SKU85,9.858038465522183e-05,2.6767787429470368e-08,551,288
A2C_mod,MEDIUM,526,waste_feat_SKU86,9.858038465522187e-05,1.788185004235359e-07,29,101
A2C_mod,MEDIUM,527,waste_feat_SKU87,9.858038465522185e-05,4.0675086899518194e-12,123,432
A2C_mod,MEDIUM,528,waste_feat_SKU88,9.858038465522184e-05,0.0,313,536
A2C_mod,MEDIUM,529,waste_feat_SKU89,9.858038465522185e-05,0.0,122,535
A2C_mod,MEDIUM,530,waste_feat_SKU90,9.858038465522184e-05,0.0010790500195357604,312,20
A2C_mod,MEDIUM,531,waste_feat_SKU91,9.858038465522185e-05,5.635129810898203e-08,107,203
A2C_mod,MEDIUM,532,waste_feat_SKU92,9.858038465522183e-05,4.96492328911728e-08,504,218
A2C_mod,MEDIUM,533,waste_feat_SKU93,9.858038465522184e-05,6.55336447464081e-08,299,186
A2C_mod,MEDIUM,534,waste_feat_SKU94,9.858038465522183e-05,4.5756011978463266e-10,563,378
A2C_mod,MEDIUM,535,waste_feat_SKU95,9.858038465522184e-05,0.0,298,558
A2C_mod,MEDIUM,536,waste_feat_SKU96,9.858038465522185e-05,1.2087857307929895e-07,106,121
A2C_mod,MEDIUM,537,waste_feat_SKU97,9.858038465522185e-05,2.0783996341577836e-08,105,305
A2C_mod,MEDIUM,538,waste_feat_SKU98,9.858038465522185e-05,0.0,104,557
A2C_mod,MEDIUM,539,waste_feat_SKU99,9.858038465522185e-05,0.0,103,556
A2C_mod,MEDIUM,540,waste_feat_SKU100,9.858038465522184e-05,1.3147347735923116e-07,297,115
A2C_mod,MEDIUM,541,waste_feat_SKU101,9.858038465522185e-05,0.0,102,555
A2C_mod,MEDIUM,542,waste_feat_SKU102,9.858038465522183e-05,0.0,564,554
A2C_mod,MEDIUM,543,waste_feat_SKU103,9.858038465522184e-05,0.0,296,553
A2C_mod,MEDIUM,544,waste_feat_SKU104,9.858038465522184e-05,0.0,295,552
A2C_mod,MEDIUM,545,waste_feat_SKU105,9.858038465522184e-05,8.549257098721423e-08,294,157
A2C_mod,MEDIUM,546,waste_feat_SKU106,9.858038465522181e-05,7.630697290086243e-08,580,173
A2C_mod,MEDIUM,547,waste_feat_SKU107,9.858038465522181e-05,0.0,592,573
A2C_mod,MEDIUM,548,waste_feat_SKU108,9.858038465522185e-05,1.4287827967564471e-08,82,332
A2C_mod,MEDIUM,549,waste_feat_SKU109,9.858038465522184e-05,0.0,363,572
A2C_mod,MEDIUM,550,waste_feat_SKU110,9.858038465522185e-05,1.7075147920958154e-08,81,321
A2C_mod,MEDIUM,551,waste_feat_SKU111,9.858038465522184e-05,0.0004987009666851781,362,61
A2C_mod,MEDIUM,552,waste_feat_SKU112,9.858038465522183e-05,5.883345731710208e-08,501,200
A2C_mod,MEDIUM,553,waste_feat_SKU113,9.858038465522183e-05,0.0,502,571
A2C_mod,MEDIUM,554,waste_feat_SKU114,9.858038465522184e-05,7.681768723996427e-08,388,171
A2C_mod,MEDIUM,555,waste_feat_SKU115,9.858038465522184e-05,0.0,387,570
A2C_mod,MEDIUM,556,waste_feat_SKU116,9.858038465522183e-05,8.375510798741316e-08,503,160
A2C_mod,MEDIUM,557,waste_feat_SKU117,9.858038465522184e-05,3.472057054053131e-09,386,367
A2C_mod,MEDIUM,558,waste_feat_SKU118,9.858038465522184e-05,3.0897082040679963e-08,385,270
A2C_mod,MEDIUM,559,waste_feat_SKU119,9.858038465522185e-05,8.900370102550354e-09,80,349
A2C_mod,MEDIUM,560,waste_feat_SKU120,9.858038465522184e-05,0.0,384,569
A2C_mod,MEDIUM,561,waste_feat_SKU121,9.858038465522185e-05,9.287551906934302e-08,108,146
A2C_mod,MEDIUM,562,waste_feat_SKU122,9.858038465522184e-05,5.929868901512318e-08,383,199
A2C_mod,MEDIUM,563,waste_feat_SKU123,9.858038465522181e-05,6.805793828718329e-08,603,183
A2C_mod,MEDIUM,564,waste_feat_SKU124,9.858038465522184e-05,0.0,425,593
A2C_mod,MEDIUM,565,waste_feat_SKU125,9.858038465522187e-05,1.206059537681998e-07,33,122
A2C_mod,MEDIUM,566,waste_feat_SKU126,9.858038465522185e-05,8.870342519460181e-09,65,350
A2C_mod,MEDIUM,567,waste_feat_SKU127,9.858038465522185e-05,1.213470613057122e-07,93,120
A2C_mod,MEDIUM,568,waste_feat_SKU128,9.858038465522183e-05,0.0,476,592
A2C_mod,MEDIUM,569,waste_feat_SKU129,9.858038465522184e-05,0.0,424,591
A2C_mod,MEDIUM,570,waste_feat_SKU130,9.858038465522184e-05,2.1520807202344954e-08,423,303
A2C_mod,MEDIUM,571,waste_feat_SKU131,9.858038465522185e-05,0.0,92,590
A2C_mod,MEDIUM,572,waste_feat_SKU132,9.858038465522181e-05,0.0,604,589
A2C_mod,MEDIUM,573,waste_feat_SKU133,9.858038465522183e-05,2.160307354839442e-12,477,434
A2C_mod,MEDIUM,574,waste_feat_SKU134,9.858038465522185e-05,7.685343832478244e-08,91,170
A2C_mod,MEDIUM,575,waste_feat_SKU135,9.858038465522187e-05,4.61856240975569e-08,30,229
A2C_mod,MEDIUM,576,waste_feat_SKU136,9.858038465522181e-05,0.0,605,588
A2C_mod,MEDIUM,577,waste_feat_SKU137,9.858038465522181e-05,3.077896209104461e-08,606,272
A2C_mod,MEDIUM,578,waste_feat_SKU138,9.858038465522185e-05,1.1060179562233973e-08,90,341
A2C_mod,MEDIUM,579,waste_feat_SKU139,9.858038465522181e-05,0.0,640,609
A2C_mod,MEDIUM,580,waste_feat_SKU140,9.858038465522185e-05,8.9078189827585e-08,78,153
A2C_mod,MEDIUM,581,waste_feat_SKU141,9.858038465522185e-05,0.0,77,608
A2C_mod,MEDIUM,582,waste_feat_SKU142,9.858038465522184e-05,0.0,396,607
A2C_mod,MEDIUM,583,waste_feat_SKU143,9.858038465522185e-05,0.0,76,606
A2C_mod,MEDIUM,584,waste_feat_SKU144,9.858038465522185e-05,6.9363714280129e-09,75,356
A2C_mod,MEDIUM,585,waste_feat_SKU145,9.858038465522184e-05,1.1546529830195109e-07,395,124
A2C_mod,MEDIUM,586,waste_feat_SKU146,9.858038465522185e-05,1.774685625799264e-08,74,315
A2C_mod,MEDIUM,587,waste_feat_SKU147,9.858038465522183e-05,0.0,496,605
A2C_mod,MEDIUM,588,waste_feat_SKU148,9.858038465522185e-05,0.0,73,604
A2C_mod,MEDIUM,589,waste_feat_SKU149,9.858038465522184e-05,0.0,394,603
A2C_mod,MEDIUM,590,waste_feat_SKU150,9.858038465522183e-05,0.0,497,602
A2C_mod,MEDIUM,591,waste_feat_SKU151,9.858038465522184e-05,0.0,393,601
A2C_mod,MEDIUM,592,waste_feat_SKU152,9.858038465522185e-05,2.711974708467795e-10,72,381
A2C_mod,MEDIUM,593,waste_feat_SKU153,9.858038465522184e-05,0.0,392,600
A2C_mod,MEDIUM,594,waste_feat_SKU154,9.858038465522181e-05,0.0,616,621
A2C_mod,MEDIUM,595,waste_feat_SKU155,9.858038465522184e-05,3.1855832337320115e-08,353,266
A2C_mod,MEDIUM,596,waste_feat_SKU156,9.858038465522183e-05,5.5259156914024137e-08,527,205
A2C_mod,MEDIUM,597,waste_feat_SKU157,9.858038465522187e-05,0.0,16,620
A2C_mod,MEDIUM,598,waste_feat_SKU158,9.858038465522185e-05,0.0,227,619
A2C_mod,MEDIUM,599,waste_feat_SKU159,9.858038465522185e-05,0.0,226,618
A2C_mod,MEDIUM,600,waste_feat_SKU160,9.858038465522184e-05,0.0,352,617
A2C_mod,MEDIUM,601,waste_feat_SKU161,9.858038465522183e-05,3.9101814166373856e-08,532,249
A2C_mod,MEDIUM,602,waste_feat_SKU162,9.858038465522185e-05,4.766421791651011e-08,225,224
A2C_mod,MEDIUM,603,waste_feat_SKU163,9.858038465522185e-05,0.0,224,616
A2C_mod,MEDIUM,604,waste_feat_SKU164,9.858038465522184e-05,0.00037016946064833875,339,76
A2C_mod,MEDIUM,605,waste_feat_SKU165,9.858038465522185e-05,1.494527418091465e-11,223,422
A2C_mod,MEDIUM,606,waste_feat_SKU166,9.858038465522185e-05,0.0,222,615
A2C_mod,MEDIUM,607,waste_feat_SKU167,9.858038465522183e-05,1.2090118080206134e-08,533,337
A2C_mod,MEDIUM,608,waste_feat_SKU168,9.858038465522183e-05,1.6192967924252207e-08,534,325
A2C_mod,MEDIUM,609,waste_feat_SKU169,9.858038465522185e-05,8.910795204808695e-08,221,152
A2C_mod,MEDIUM,610,waste_feat_SKU170,9.858038465522185e-05,2.7094847599680864e-08,220,287
A2C_mod,MEDIUM,611,waste_feat_SKU171,9.858038465522185e-05,0.0,265,637
A2C_mod,MEDIUM,612,waste_feat_SKU172,9.858038465522185e-05,0.0005254371392807254,264,56
A2C_mod,MEDIUM,613,waste_feat_SKU173,9.858038465522181e-05,3.291540920182553e-08,650,262
A2C_mod,MEDIUM,614,waste_feat_SKU174,9.858038465522185e-05,5.411340895115526e-09,263,360
A2C_mod,MEDIUM,615,waste_feat_SKU175,9.858038465522181e-05,1.4748035561483735e-08,651,330
A2C_mod,MEDIUM,616,waste_feat_SKU176,9.858038465522184e-05,0.0,288,636
A2C_mod,MEDIUM,617,waste_feat_SKU177,9.858038465522185e-05,1.7691427176324493e-10,262,384
A2C_mod,MEDIUM,618,waste_feat_SKU178,9.858038465522184e-05,0.0,287,635
A2C_mod,MEDIUM,619,waste_feat_SKU179,9.858038465522183e-05,0.0,568,634
A2C_mod,MEDIUM,620,waste_feat_SKU180,9.858038465522184e-05,6.469149727878535e-08,286,187
A2C_mod,MEDIUM,621,waste_feat_SKU181,9.858038465522185e-05,0.0007375534147859121,261,39
A2C_mod,MEDIUM,622,waste_feat_SKU182,9.858038465522184e-05,7.435983737041296e-08,285,174
A2C_mod,MEDIUM,623,waste_feat_SKU183,9.858038465522184e-05,0.0,284,633
A2C_mod,MEDIUM,624,waste_feat_SKU184,9.858038465522183e-05,0.0,569,632
A2C_mod,MEDIUM,625,waste_feat_SKU185,9.858038465522184e-05,1.724416793317172e-08,283,320
A2C_mod,MEDIUM,626,waste_feat_SKU186,9.858038465522181e-05,2.828672637459462e-08,638,282
A2C_mod,MEDIUM,627,waste_feat_SKU187,9.858038465522183e-05,7.724909276778553e-08,454,169
A2C_mod,MEDIUM,628,waste_feat_SKU188,9.858038465522185e-05,9.392741239594984e-09,53,347
A2C_mod,MEDIUM,629,waste_feat_SKU189,9.858038465522185e-05,8.932140329848163e-08,52,151
A2C_mod,MEDIUM,630,waste_feat_SKU190,9.858038465522184e-05,3.489312172140114e-08,452,258
A2C_mod,MEDIUM,631,waste_feat_SKU191,9.858038465522183e-05,7.900327805616065e-08,455,165
A2C_mod,MEDIUM,632,waste_feat_SKU192,9.858038465522181e-05,0.0,574,655
A2C_mod,MEDIUM,633,waste_feat_SKU193,9.858038465522181e-05,5.143982331155661e-08,575,214
A2C_mod,MEDIUM,634,waste_feat_SKU194,9.858038465522185e-05,0.0,51,654
A2C_mod,MEDIUM,635,waste_feat_SKU195,9.858038465522185e-05,0.0,50,653
A2C_mod,MEDIUM,636,waste_feat_SKU196,9.858038465522185e-05,0.0006860277708395272,273,42
A2C_mod,MEDIUM,637,waste_feat_SKU197,9.858038465522185e-05,0.0006703883777638274,272,43
A2C_mod,MEDIUM,638,waste_feat_SKU198,9.858038465522183e-05,0.0,456,652
A2C_mod,MEDIUM,639,waste_feat_SKU199,9.858038465522185e-05,1.5749470838454242e-08,271,329
A2C_mod,MEDIUM,640,waste_feat_SKU200,9.858038465522185e-05,2.0337624486710765e-08,270,307
A2C_mod,MEDIUM,641,waste_feat_SKU201,9.858038465522181e-05,1.995077914567828e-09,576,372
A2C_mod,MEDIUM,642,waste_feat_SKU202,9.858038465522184e-05,3.098919171125435e-11,451,410
A2C_mod,MEDIUM,643,waste_feat_SKU203,9.858038465522185e-05,7.44526272448728e-12,64,428
A2C_mod,MEDIUM,644,waste_feat_SKU204,9.858038465522184e-05,4.090474358570847e-08,440,242
A2C_mod,MEDIUM,645,waste_feat_SKU205,9.858038465522183e-05,0.0,466,441
A2C_mod,MEDIUM,646,waste_feat_SKU206,9.858038465522183e-05,7.726456085960891e-08,467,168
A2C_mod,MEDIUM,647,waste_feat_SKU207,9.858038465522184e-05,0.0,439,440
A2C_mod,MEDIUM,648,waste_feat_SKU208,9.858038465522185e-05,0.0,274,439
A2C_mod,MEDIUM,649,waste_feat_SKU209,9.858038465522184e-05,1.084545453490511e-07,438,127
A2C_mod,MEDIUM,650,waste_feat_SKU210,9.858038465522185e-05,0.0,275,438
A2C_mod,MEDIUM,651,waste_feat_SKU211,9.858038465522185e-05,0.0004463703099961866,276,66
A2C_mod,MEDIUM,652,waste_feat_SKU212,9.858038465522185e-05,1.3708262336037982e-07,277,112
A2C_mod,MEDIUM,653,waste_feat_SKU213,9.858038465522183e-05,2.7560304134845666e-09,468,369
A2C_mod,MEDIUM,654,waste_feat_SKU214,9.858038465522181e-05,1.3988637727526621e-08,659,333
A2C_mod,MEDIUM,655,waste_feat_SKU215,9.858038465522185e-05,7.420428693998477e-08,278,175
A2C_mod,MEDIUM,656,waste_feat_SKU216,9.858038465522184e-05,0.0,282,437
A2C_mod,MEDIUM,657,waste_feat_SKU217,9.858038465522187e-05,0.0,14,436
A2C_mod,MEDIUM,658,waste_feat_SKU218,9.858038465522181e-05,0.0,652,449
A2C_mod,MEDIUM,659,waste_feat_SKU219,9.858038465522185e-05,1.0077714945273289e-07,279,136
A2C_mod,HARD,0,inventory_SKU0,9.401404964902363e-05,1.1794058911315118e-07,184,158
A2C_mod,HARD,1,inventory_SKU1,9.401404964902362e-05,0.0,549,660
A2C_mod,HARD,2,inventory_SKU2,9.401404964902365e-05,1.1480678684142968e-08,79,344
A2C_mod,HARD,3,inventory_SKU3,9.401404964902363e-05,0.0,541,457
A2C_mod,HARD,4,inventory_SKU4,9.401404964902363e-05,1.060419063082388e-07,542,170
A2C_mod,HARD,5,inventory_SKU5,9.401404964902366e-05,0.0004246890929377913,69,65
A2C_mod,HARD,6,inventory_SKU6,9.401404964902363e-05,1.5202578763045754e-07,543,131
A2C_mod,HARD,7,inventory_SKU7,9.401404964902363e-05,5.834230656038629e-09,168,374
A2C_mod,HARD,8,inventory_SKU8,9.401404964902363e-05,0.0,167,456
A2C_mod,HARD,9,inventory_SKU9,9.401404964902363e-05,1.692474978344834e-08,166,322
A2C_mod,HARD,10,inventory_SKU10,9.401404964902363e-05,1.671223417911503e-10,165,409
A2C_mod,HARD,11,inventory_SKU11,9.401404964902366e-05,0.0,70,455
A2C_mod,HARD,12,inventory_SKU12,9.401404964902366e-05,2.8899689454091725e-11,71,432
A2C_mod,HARD,13,inventory_SKU13,9.401404964902363e-05,1.397702260030618e-07,164,139
A2C_mod,HARD,14,inventory_SKU14,9.401404964902363e-05,2.7057332128903037e-10,163,405
A2C_mod,HARD,15,inventory_SKU15,9.401404964902363e-05,0.0,162,454
A2C_mod,HARD,16,inventory_SKU16,9.401404964902365e-05,1.0951854772412164e-08,78,349
A2C_mod,HARD,17,inventory_SKU17,9.401404964902362e-05,3.368326836657375e-08,657,263
A2C_mod,HARD,18,inventory_SKU18,9.401404964902362e-05,0.0,660,453
A2C_mod,HARD,19,inventory_SKU19,9.401404964902363e-05,3.051064163174179e-07,187,93
A2C_mod,HARD,20,inventory_SKU20,9.401404964902363e-05,0.0,186,659
A2C_mod,HARD,21,inventory_SKU21,9.401404964902363e-05,0.0,185,658
A2C_mod,HARD,22,inventory_SKU22,9.401404964902362e-05,0.0,659,657
A2C_mod,HARD,23,inventory_SKU23,9.401404964902363e-05,3.43861386744164e-08,183,261
A2C_mod,HARD,24,inventory_SKU24,9.401404964902363e-05,1.8391253139773923e-07,513,120
A2C_mod,HARD,25,inventory_SKU25,9.401404964902363e-05,0.0,512,656
A2C_mod,HARD,26,inventory_SKU26,9.401404964902365e-05,0.0,156,655
A2C_mod,HARD,27,inventory_SKU27,9.401404964902363e-05,1.0310895162316989e-07,511,172
A2C_mod,HARD,28,inventory_SKU28,9.401404964902366e-05,0.0,24,654
A2C_mod,HARD,29,inventory_SKU29,9.401404964902363e-05,4.235779502836339e-08,510,247
A2C_mod,HARD,30,inventory_SKU30,9.401404964902363e-05,2.995136921491089e-07,509,95
A2C_mod,HARD,31,inventory_SKU31,9.401404964902363e-05,0.0,172,653
A2C_mod,HARD,32,inventory_SKU32,9.401404964902362e-05,0.0,554,652
A2C_mod,HARD,33,inventory_SKU33,9.401404964902363e-05,3.040010491226996e-12,518,444
A2C_mod,HARD,34,inventory_SKU34,9.401404964902363e-05,0.0008104486159220756,482,34
A2C_mod,HARD,35,inventory_SKU35,9.401404964902363e-05,0.0,481,646
A2C_mod,HARD,36,inventory_SKU36,9.401404964902363e-05,2.4401449784056435e-07,480,100
A2C_mod,HARD,37,inventory_SKU37,9.401404964902363e-05,3.7530437245212494e-08,479,254
A2C_mod,HARD,38,inventory_SKU38,9.401404964902363e-05,2.1082262331819738e-08,478,304
A2C_mod,HARD,39,inventory_SKU39,9.401404964902363e-05,1.638466578801826e-09,477,393
A2C_mod,HARD,40,inventory_SKU40,9.401404964902363e-05,0.0,508,645
A2C_mod,HARD,41,inventory_SKU41,9.401404964902363e-05,6.693414017461425e-08,507,211
A2C_mod,HARD,42,inventory_SKU42,9.401404964902363e-05,0.0,506,644
A2C_mod,HARD,43,inventory_SKU43,9.401404964902363e-05,0.0,505,643
A2C_mod,HARD,44,inventory_SKU44,9.401404964902363e-05,0.0008997002287785389,504,26
A2C_mod,HARD,45,inventory_SKU45,9.401404964902363e-05,0.0,503,642
A2C_mod,HARD,46,inventory_SKU46,9.401404964902363e-05,4.5854116893522766e-05,502,89
A2C_mod,HARD,47,inventory_SKU47,9.401404964902363e-05,4.799929891933518e-09,501,376
A2C_mod,HARD,48,inventory_SKU48,9.401404964902363e-05,2.0941518987082392e-08,370,306
A2C_mod,HARD,49,inventory_SKU49,9.401404964902362e-05,0.0004771551272760938,595,62
A2C_mod,HARD,50,inventory_SKU50,9.401404964902363e-05,7.908434953479163e-08,369,204
A2C_mod,HARD,51,inventory_SKU51,9.401404964902363e-05,9.132425053886851e-13,368,450
A2C_mod,HARD,52,inventory_SKU52,9.401404964902366e-05,4.688766125117964e-11,47,427
A2C_mod,HARD,53,inventory_SKU53,9.401404964902363e-05,1.0116894080135677e-07,364,177
A2C_mod,HARD,54,inventory_SKU54,9.401404964902363e-05,0.00046504280457673167,363,63
A2C_mod,HARD,55,inventory_SKU55,9.401404964902365e-05,0.0,125,638
A2C_mod,HARD,56,inventory_SKU56,9.401404964902365e-05,0.0,124,637
A2C_mod,HARD,57,inventory_SKU57,9.401404964902363e-05,0.0,362,636
A2C_mod,HARD,58,inventory_SKU58,9.401404964902363e-05,1.451220569898522e-08,361,333
A2C_mod,HARD,59,inventory_SKU59,9.401404964902363e-05,2.6014426292881492e-11,360,434
A2C_mod,HARD,60,inventory_SKU60,9.401404964902366e-05,2.1542620625399537e-07,48,109
A2C_mod,HARD,61,inventory_SKU61,9.401404964902366e-05,4.05935047558044e-08,43,248
A2C_mod,HARD,62,inventory_SKU62,9.401404964902362e-05,3.44711795818679e-08,604,260
A2C_mod,HARD,63,inventory_SKU63,9.401404964902363e-05,1.6019990989208586e-08,380,327
A2C_mod,HARD,64,inventory_SKU64,9.401404964902363e-05,3.335464264201639e-08,282,267
A2C_mod,HARD,65,inventory_SKU65,9.401404964902363e-05,2.6705846837226475e-08,281,288
A2C_mod,HARD,66,inventory_SKU66,9.401404964902363e-05,0.0,247,635
A2C_mod,HARD,67,inventory_SKU67,9.401404964902362e-05,0.0005438750446518522,638,57
A2C_mod,HARD,68,inventory_SKU68,9.401404964902369e-05,1.280957319329894e-07,13,144
A2C_mod,HARD,69,inventory_SKU69,9.401404964902363e-05,0.0003336740083281701,246,71
A2C_mod,HARD,70,inventory_SKU70,9.401404964902363e-05,0.0,245,634
A2C_mod,HARD,71,inventory_SKU71,9.401404964902363e-05,9.263674775512231e-08,244,186
A2C_mod,HARD,72,inventory_SKU72,9.401404964902362e-05,0.0,637,633
A2C_mod,HARD,73,inventory_SKU73,9.401404964902362e-05,0.0,636,632
A2C_mod,HARD,74,inventory_SKU74,9.401404964902363e-05,0.0006161355838563114,243,54
A2C_mod,HARD,75,inventory_SKU75,9.401404964902363e-05,1.2676210020686903e-07,242,147
A2C_mod,HARD,76,inventory_SKU76,9.401404964902363e-05,3.224894626829425e-08,241,274
A2C_mod,HARD,77,inventory_SKU77,9.401404964902363e-05,4.449955320980303e-05,240,90
A2C_mod,HARD,78,inventory_SKU78,9.401404964902362e-05,2.3574125532995966e-07,635,102
A2C_mod,HARD,79,inventory_SKU79,9.401404964902365e-05,1.1898820774060599e-08,149,343
A2C_mod,HARD,80,inventory_SKU80,9.401404964902366e-05,4.767213273150602e-08,67,235
A2C_mod,HARD,81,inventory_SKU81,9.401404964902362e-05,0.0,613,631
A2C_mod,HARD,82,inventory_SKU82,9.401404964902365e-05,0.0,132,630
A2C_mod,HARD,83,inventory_SKU83,9.401404964902365e-05,0.0,131,629
A2C_mod,HARD,84,inventory_SKU84,9.401404964902362e-05,2.6775055805457967e-08,612,287
A2C_mod,HARD,85,inventory_SKU85,9.401404964902363e-05,0.0,430,628
A2C_mod,HARD,86,inventory_SKU86,9.401404964902362e-05,9.853329577247303e-08,573,181
A2C_mod,HARD,87,inventory_SKU87,9.401404964902363e-05,1.2578393663320428e-08,429,339
A2C_mod,HARD,88,inventory_SKU88,9.401404964902363e-05,6.025292809851886e-11,453,420
A2C_mod,HARD,89,inventory_SKU89,9.401404964902362e-05,3.344994861897431e-08,563,265
A2C_mod,HARD,90,inventory_SKU90,9.401404964902363e-05,0.0,452,627
A2C_mod,HARD,91,inventory_SKU91,9.401404964902362e-05,1.502565434605369e-08,562,332
A2C_mod,HARD,92,inventory_SKU92,9.401404964902363e-05,8.084312924264767e-08,451,200
A2C_mod,HARD,93,inventory_SKU93,9.401404964902363e-05,2.040257041852719e-08,450,307
A2C_mod,HARD,94,inventory_SKU94,9.401404964902362e-05,0.0,561,626
A2C_mod,HARD,95,inventory_SKU95,9.401404964902362e-05,1.0712550438928625e-08,560,351
A2C_mod,HARD,96,inventory_SKU96,9.401404964902362e-05,5.456781089651576e-12,589,440
A2C_mod,HARD,97,inventory_SKU97,9.401404964902362e-05,2.6663843124701364e-08,588,289
A2C_mod,HARD,98,inventory_SKU98,9.401404964902363e-05,8.981531611213109e-08,385,189
A2C_mod,HARD,99,inventory_SKU99,9.401404964902362e-05,3.7597563649532703e-08,587,253
A2C_mod,HARD,100,inventory_SKU100,9.401404964902363e-05,0.0,384,620
A2C_mod,HARD,101,inventory_SKU101,9.401404964902365e-05,1.358468460276368e-08,83,336
A2C_mod,HARD,102,inventory_SKU102,9.401404964902363e-05,4.9231678914115446e-08,161,232
A2C_mod,HARD,103,inventory_SKU103,9.401404964902363e-05,0.0,160,619
A2C_mod,HARD,104,inventory_SKU104,9.401404964902366e-05,1.2262530643421847e-07,68,152
A2C_mod,HARD,105,inventory_SKU105,9.401404964902363e-05,1.5104894725811086e-07,159,133
A2C_mod,HARD,106,inventory_SKU106,9.401404964902363e-05,0.0,158,618
A2C_mod,HARD,107,inventory_SKU107,9.401404964902363e-05,1.0874925197690531e-07,157,167
A2C_mod,HARD,108,inventory_SKU108,9.401404964902363e-05,0.0,188,617
A2C_mod,HARD,109,inventory_SKU109,9.401404964902365e-05,0.0,82,616
A2C_mod,HARD,110,inventory_SKU110,9.401404964902362e-05,7.88398204266442e-09,550,366
A2C_mod,HARD,111,inventory_SKU111,9.401404964902365e-05,4.593811772936569e-08,81,240
A2C_mod,HARD,112,inventory_SKU112,9.401404964902363e-05,2.7644148555143485e-07,449,97
A2C_mod,HARD,113,inventory_SKU113,9.401404964902363e-05,0.0011797662729523192,448,14
A2C_mod,HARD,114,inventory_SKU114,9.401404964902363e-05,0.0,447,615
A2C_mod,HARD,115,inventory_SKU115,9.401404964902365e-05,7.049092499664413e-11,111,416
A2C_mod,HARD,116,inventory_SKU116,9.401404964902363e-05,2.4664598450545047e-08,446,294
A2C_mod,HARD,117,inventory_SKU117,9.401404964902363e-05,0.0002189913101896713,390,79
A2C_mod,HARD,118,inventory_SKU118,9.401404964902365e-05,1.6993497207212732e-08,101,321
A2C_mod,HARD,119,inventory_SKU119,9.401404964902365e-05,1.223472053110431e-08,100,341
A2C_mod,HARD,120,inventory_SKU120,9.401404964902363e-05,9.002040721265713e-09,389,361
A2C_mod,HARD,121,inventory_SKU121,9.401404964902362e-05,4.807876691270329e-10,591,401
A2C_mod,HARD,122,inventory_SKU122,9.401404964902363e-05,0.0009692709960802538,388,20
A2C_mod,HARD,123,inventory_SKU123,9.401404964902363e-05,3.394087039915158e-08,387,262
A2C_mod,HARD,124,inventory_SKU124,9.401404964902363e-05,0.0,386,614
A2C_mod,HARD,125,inventory_SKU125,9.401404964902365e-05,9.174364977975592e-11,99,411
A2C_mod,HARD,126,inventory_SKU126,9.401404964902362e-05,3.3815161062331113e-09,590,389
A2C_mod,HARD,127,inventory_SKU127,9.401404964902365e-05,4.234606660555369e-09,98,385
A2C_mod,HARD,128,inventory_SKU128,9.401404964902363e-05,0.0,260,613
A2C_mod,HARD,129,inventory_SKU129,9.401404964902363e-05,1.1432955612488864e-07,317,161
A2C_mod,HARD,130,inventory_SKU130,9.401404964902363e-05,1.9917033827453155e-10,348,407
A2C_mod,HARD,131,inventory_SKU131,9.401404964902363e-05,0.00025891192408529365,347,74
A2C_mod,HARD,132,inventory_SKU132,9.401404964902362e-05,3.2228130344123054e-08,616,275
A2C_mod,HARD,133,inventory_SKU133,9.401404964902365e-05,4.024727084487939e-09,133,387
A2C_mod,HARD,134,inventory_SKU134,9.401404964902366e-05,1.0840634218817416e-08,64,350
A2C_mod,HARD,135,inventory_SKU135,9.401404964902362e-05,6.135884960284658e-08,615,216
A2C_mod,HARD,136,inventory_SKU136,9.401404964902363e-05,1.610864741028933e-08,346,326
A2C_mod,HARD,137,inventory_SKU137,9.401404964902363e-05,0.0,345,612
A2C_mod,HARD,138,inventory_SKU138,9.401404964902366e-05,0.00011312082385658297,65,85
A2C_mod,HARD,139,inventory_SKU139,9.401404964902363e-05,0.0,344,611
A2C_mod,HARD,140,inventory_SKU140,9.401404964902362e-05,4.6101268490410235e-08,614,239
A2C_mod,HARD,141,inventory_SKU141,9.401404964902363e-05,1.065542918345978e-08,343,352
A2C_mod,HARD,142,inventory_SKU142,9.401404964902366e-05,2.9609483469751985e-08,66,281
A2C_mod,HARD,143,inventory_SKU143,9.401404964902363e-05,0.001589268720576775,342,3
A2C_mod,HARD,144,inventory_SKU144,9.401404964902363e-05,1.2912048303936563e-07,237,143
A2C_mod,HARD,145,inventory_SKU145,9.401404964902363e-05,0.000920441929938585,268,23
A2C_mod,HARD,146,inventory_SKU146,9.401404964902366e-05,0.0,63,610
A2C_mod,HARD,147,inventory_SKU147,9.401404964902363e-05,3.7169795777112494e-08,267,257
A2C_mod,HARD,148,inventory_SKU148,9.401404964902365e-05,0.0,147,607
A2C_mod,HARD,149,inventory_SKU149,9.401404964902362e-05,0.0,634,606
A2C_mod,HARD,150,inventory_SKU150,9.401404964902363e-05,1.212268630128042e-07,266,154
A2C_mod,HARD,151,inventory_SKU151,9.401404964902365e-05,7.944994378148404e-08,146,203
A2C_mod,HARD,152,inventory_SKU152,9.401404964902363e-05,0.0006459063965117681,265,52
A2C_mod,HARD,153,inventory_SKU153,9.401404964902363e-05,0.0,264,605
A2C_mod,HARD,154,inventory_SKU154,9.401404964902363e-05,1.4292585447726597e-07,263,136
A2C_mod,HARD,155,inventory_SKU155,9.401404964902365e-05,0.0,145,604
A2C_mod,HARD,156,inventory_SKU156,9.401404964902363e-05,1.2478064949558452e-08,262,340
A2C_mod,HARD,157,inventory_SKU157,9.401404964902365e-05,2.451204754495746e-10,144,406
A2C_mod,HARD,158,inventory_SKU158,9.401404964902362e-05,1.7588607538295033e-08,633,319
A2C_mod,HARD,159,inventory_SKU159,9.401404964902363e-05,3.1439622902680756e-08,261,277
A2C_mod,HARD,160,inventory_SKU160,9.401404964902369e-05,0.0,14,603
A2C_mod,HARD,161,inventory_SKU161,9.401404964902363e-05,3.139219465283708e-08,173,278
A2C_mod,HARD,162,inventory_SKU162,9.401404964902362e-05,0.0,655,602
A2C_mod,HARD,163,inventory_SKU163,9.401404964902363e-05,0.0,540,601
A2C_mod,HARD,164,inventory_SKU164,9.401404964902366e-05,0.0,61,600
A2C_mod,HARD,165,inventory_SKU165,9.401404964902362e-05,5.642855755607203e-05,654,88
A2C_mod,HARD,166,inventory_SKU166,9.401404964902365e-05,0.0,155,599
A2C_mod,HARD,167,inventory_SKU167,9.401404964902363e-05,2.153501430623842e-12,528,448
A2C_mod,HARD,168,inventory_SKU168,9.401404964902363e-05,0.0007041685499535986,527,45
A2C_mod,HARD,169,inventory_SKU169,9.401404964902363e-05,2.9843666482551605e-11,526,431
A2C_mod,HARD,170,inventory_SKU170,9.401404964902362e-05,5.87494809283856e-08,648,219
A2C_mod,HARD,171,inventory_SKU171,9.401404964902365e-05,0.0,154,598
A2C_mod,HARD,172,inventory_SKU172,9.401404964902363e-05,1.880015658358498e-12,525,449
A2C_mod,HARD,173,inventory_SKU173,9.401404964902363e-05,1.117769309861331e-07,204,163
A2C_mod,HARD,174,inventory_SKU174,9.401404964902366e-05,0.0001140498151454232,62,84
A2C_mod,HARD,175,inventory_SKU175,9.401404964902363e-05,0.0005098208312475253,203,60
A2C_mod,HARD,176,inventory_SKU176,9.401404964902366e-05,0.0008984598155308779,59,27
A2C_mod,HARD,177,inventory_SKU177,9.401404964902363e-05,7.631475015187651e-11,197,413
A2C_mod,HARD,178,inventory_SKU178,9.401404964902363e-05,1.5344726667049733e-08,196,329
A2C_mod,HARD,179,inventory_SKU179,9.401404964902363e-05,4.5145345908038006e-08,195,241
A2C_mod,HARD,180,inventory_SKU180,9.401404964902363e-05,0.0,194,597
A2C_mod,HARD,181,inventory_SKU181,9.401404964902366e-05,1.0167078279563183e-07,60,175
A2C_mod,HARD,182,inventory_SKU182,9.401404964902363e-05,0.0003234665878826297,193,72
A2C_mod,HARD,183,inventory_SKU183,9.401404964902363e-05,1.7524441927855988e-07,192,123
A2C_mod,HARD,184,inventory_SKU184,9.401404964902363e-05,0.0,191,596
A2C_mod,HARD,185,inventory_SKU185,9.401404964902363e-05,8.34724755006136e-08,190,197
A2C_mod,HARD,186,inventory_SKU186,9.401404964902363e-05,0.0,189,595
A2C_mod,HARD,187,inventory_SKU187,9.401404964902363e-05,3.992186098715916e-08,220,249
A2C_mod,HARD,188,inventory_SKU188,9.401404964902362e-05,3.4175271863032897e-09,647,388
A2C_mod,HARD,189,inventory_SKU189,9.401404964902362e-05,0.0,656,594
A2C_mod,HARD,190,inventory_SKU190,9.401404964902363e-05,0.0,175,593
A2C_mod,HARD,191,inventory_SKU191,9.401404964902363e-05,0.0,174,592
A2C_mod,HARD,192,inventory_SKU192,9.401404964902362e-05,0.00012468152059928465,643,83
A2C_mod,HARD,193,inventory_SKU193,9.401404964902363e-05,0.0013263569309883351,215,9
A2C_mod,HARD,194,inventory_SKU194,9.401404964902362e-05,0.0,642,591
A2C_mod,HARD,195,inventory_SKU195,9.401404964902363e-05,0.0006483320810558149,214,51
A2C_mod,HARD,196,inventory_SKU196,9.401404964902363e-05,0.0,213,581
A2C_mod,HARD,197,inventory_SKU197,9.401404964902365e-05,2.28877463857397e-08,153,299
A2C_mod,HARD,198,inventory_SKU198,9.401404964902365e-05,2.1403388770413376e-07,152,110
A2C_mod,HARD,199,inventory_SKU199,9.401404964902362e-05,0.0,641,580
A2C_mod,HARD,200,inventory_SKU200,9.401404964902363e-05,0.0,212,579
A2C_mod,HARD,201,inventory_SKU201,9.401404964902363e-05,5.364832760813389e-08,202,228
A2C_mod,HARD,202,inventory_SKU202,9.401404964902366e-05,0.0013545637399504321,57,8
A2C_mod,HARD,203,inventory_SKU203,9.401404964902363e-05,1.2615570514390407e-07,201,148
A2C_mod,HARD,204,inventory_SKU204,9.401404964902366e-05,0.0,58,578
A2C_mod,HARD,205,inventory_SKU205,9.401404964902363e-05,2.242896396678533e-12,200,447
A2C_mod,HARD,206,inventory_SKU206,9.401404964902363e-05,0.0,199,577
A2C_mod,HARD,207,inventory_SKU207,9.401404964902363e-05,2.1764900886959405e-08,198,303
A2C_mod,HARD,208,inventory_SKU208,9.401404964902366e-05,2.597499514083897e-08,53,292
A2C_mod,HARD,209,inventory_SKU209,9.401404964902366e-05,1.62356739868803e-08,54,325
A2C_mod,HARD,210,inventory_SKU210,9.401404964902363e-05,5.5551089519541585e-08,233,224
A2C_mod,HARD,211,inventory_SKU211,9.401404964902366e-05,0.0,55,572
A2C_mod,HARD,212,inventory_SKU212,9.401404964902362e-05,7.585211450419758e-09,639,367
A2C_mod,HARD,213,inventory_SKU213,9.401404964902363e-05,0.0,249,571
A2C_mod,HARD,214,inventory_SKU214,9.401404964902363e-05,1.6369538303605227e-08,248,324
A2C_mod,HARD,215,inventory_SKU215,9.401404964902365e-05,0.0,151,570
A2C_mod,HARD,216,inventory_SKU216,9.401404964902365e-05,8.74962177797206e-12,150,438
A2C_mod,HARD,217,inventory_SKU217,9.401404964902363e-05,0.0,219,569
A2C_mod,HARD,218,inventory_SKU218,9.401404964902362e-05,0.0,646,568
A2C_mod,HARD,219,inventory_SKU219,9.401404964902363e-05,2.1734370395479928e-07,218,107
A2C_mod,HARD,220,sales_SKU0,9.401404964902363e-05,5.18345499676331e-08,217,230
A2C_mod,HARD,221,sales_SKU1,9.401404964902362e-05,0.0011300187260733844,645,16
A2C_mod,HARD,222,sales_SKU2,9.401404964902363e-05,2.994299373129238e-10,216,404
A2C_mod,HARD,223,sales_SKU3,9.401404964902362e-05,0.0,644,567
A2C_mod,HARD,224,sales_SKU4,9.401404964902363e-05,8.452702463503121e-09,239,363
A2C_mod,HARD,225,sales_SKU5,9.401404964902365e-05,1.4143761091401066e-07,148,138
A2C_mod,HARD,226,sales_SKU6,9.401404964902366e-05,0.0007583188078741416,52,39
A2C_mod,HARD,227,sales_SKU7,9.401404964902363e-05,0.0,238,566
A2C_mod,HARD,228,sales_SKU8,9.401404964902363e-05,0.0,211,565
A2C_mod,HARD,229,sales_SKU9,9.401404964902363e-05,3.7254398025662086e-08,210,256
A2C_mod,HARD,230,sales_SKU10,9.401404964902363e-05,0.0,209,564
A2C_mod,HARD,231,sales_SKU11,9.401404964902363e-05,8.668389088722243e-08,208,194
A2C_mod,HARD,232,sales_SKU12,9.401404964902366e-05,3.01286249563747e-12,51,445
A2C_mod,HARD,233,sales_SKU13,9.401404964902363e-05,0.0,207,563
A2C_mod,HARD,234,sales_SKU14,9.401404964902366e-05,0.0,56,562
A2C_mod,HARD,235,sales_SKU15,9.401404964902363e-05,7.453467661426521e-05,206,86
A2C_mod,HARD,236,sales_SKU16,9.401404964902363e-05,1.1963287454975155e-09,205,394
A2C_mod,HARD,237,sales_SKU17,9.401404964902363e-05,7.371557251943637e-09,236,369
A2C_mod,HARD,238,sales_SKU18,9.401404964902363e-05,0.0,235,561
A2C_mod,HARD,239,sales_SKU19,9.401404964902363e-05,4.870435124026471e-09,234,375
A2C_mod,HARD,240,sales_SKU20,9.401404964902363e-05,2.809240468898099e-08,258,283
A2C_mod,HARD,241,sales_SKU21,0.0003431037750657006,1.1733446100214198e-07,3,159
A2C_mod,HARD,242,sales_SKU22,9.401404964902366e-05,0.0007447470925982072,46,42
A2C_mod,HARD,243,sales_SKU23,9.401404964902365e-05,4.744825929726638e-08,142,236
A2C_mod,HARD,244,sales_SKU24,9.401404964902363e-05,0.0004185997787867665,257,66
A2C_mod,HARD,245,sales_SKU25,9.401404964902366e-05,2.2067760497767513e-08,50,302
A2C_mod,HARD,246,sales_SKU26,9.401404964902363e-05,0.0,256,558
A2C_mod,HARD,247,sales_SKU27,9.401404964902363e-05,3.92677210350111e-10,255,402
A2C_mod,HARD,248,sales_SKU28,9.401404964902363e-05,1.1600725715372143e-07,254,160
A2C_mod,HARD,249,sales_SKU29,9.401404964902363e-05,0.0008016184397454863,253,35
A2C_mod,HARD,250,sales_SKU30,9.401404964902365e-05,0.0015800378261841875,141,5
A2C_mod,HARD,251,sales_SKU31,9.401404964902366e-05,8.828869485737689e-08,49,191
A2C_mod,HARD,252,sales_SKU32,9.401404964902362e-05,0.0,632,557
A2C_mod,HARD,253,sales_SKU33,9.401404964902363e-05,4.792163874562875e-08,284,233
A2C_mod,HARD,254,sales_SKU34,9.401404964902363e-05,0.0,283,556
A2C_mod,HARD,255,sales_SKU35,9.401404964902365e-05,1.062267014176256e-08,140,353
A2C_mod,HARD,256,sales_SKU36,9.401404964902363e-05,0.0004089450241795657,278,67
A2C_mod,HARD,257,sales_SKU37,9.401404964902362e-05,0.0,630,555
A2C_mod,HARD,258,sales_SKU38,9.401404964902363e-05,1.269460999965607e-07,277,146
A2C_mod,HARD,259,sales_SKU39,9.401404964902363e-05,2.1071498142882458e-08,276,305
A2C_mod,HARD,260,sales_SKU40,9.401404964902363e-05,0.0,275,554
A2C_mod,HARD,261,sales_SKU41,9.401404964902365e-05,3.3382569199424014e-08,139,266
A2C_mod,HARD,262,sales_SKU42,9.401404964902363e-05,1.424938101622216e-07,274,137
A2C_mod,HARD,263,sales_SKU43,9.401404964902365e-05,4.772591916580583e-09,138,377
A2C_mod,HARD,264,sales_SKU44,9.401404964902363e-05,2.3744134016663345e-08,273,297
A2C_mod,HARD,265,sales_SKU45,9.401404964902363e-05,1.3187817963529913e-08,272,337
A2C_mod,HARD,266,sales_SKU46,9.401404964902363e-05,4.701229580594471e-08,271,237
A2C_mod,HARD,267,sales_SKU47,9.401404964902363e-05,0.0006704000900381042,270,49
A2C_mod,HARD,268,sales_SKU48,9.401404964902362e-05,0.0,629,553
A2C_mod,HARD,269,sales_SKU49,9.401404964902363e-05,1.817567301618009e-08,259,314
A2C_mod,HARD,270,sales_SKU50,9.401404964902365e-05,8.936697768792409e-08,143,190
A2C_mod,HARD,271,sales_SKU51,9.401404964902366e-05,0.00022374580607146586,45,78
A2C_mod,HARD,272,sales_SKU52,9.401404964902362e-05,0.0,628,552
A2C_mod,HARD,273,sales_SKU53,9.401404964902363e-05,3.6625608572976894e-08,298,258
A2C_mod,HARD,274,sales_SKU54,9.401404964902363e-05,0.0,297,551
A2C_mod,HARD,275,sales_SKU55,9.401404964902365e-05,0.0,136,550
A2C_mod,HARD,276,sales_SKU56,0.00023040978543816467,0.0007447830938235961,6,41
A2C_mod,HARD,277,sales_SKU57,9.401404964902362e-05,0.000693608456143727,627,46
A2C_mod,HARD,278,sales_SKU58,9.401404964902363e-05,0.0006338569640587104,296,53
A2C_mod,HARD,279,sales_SKU59,9.401404964902362e-05,4.36759305615913e-12,626,443
A2C_mod,HARD,280,sales_SKU60,9.401404964902363e-05,3.739441465086205e-08,315,255
A2C_mod,HARD,281,sales_SKU61,9.401404964902363e-05,0.0,314,549
A2C_mod,HARD,282,sales_SKU62,9.401404964902363e-05,3.345372913552525e-08,313,264
A2C_mod,HARD,283,sales_SKU63,9.401404964902363e-05,0.0,312,548
A2C_mod,HARD,284,sales_SKU64,9.401404964902363e-05,1.0101786400423763e-07,311,178
A2C_mod,HARD,285,sales_SKU65,9.401404964902362e-05,0.000707332005505708,631,44
A2C_mod,HARD,286,sales_SKU66,9.401404964902363e-05,1.1040317012287204e-07,280,165
A2C_mod,HARD,287,sales_SKU67,9.401404964902363e-05,0.0,279,547
A2C_mod,HARD,288,sales_SKU68,9.401404964902363e-05,0.00017269483267410765,306,81
A2C_mod,HARD,289,sales_SKU69,9.401404964902363e-05,5.67739274903844e-08,305,221
A2C_mod,HARD,290,sales_SKU70,9.401404964902363e-05,9.052747334873414e-08,304,187
A2C_mod,HARD,291,sales_SKU71,9.401404964902362e-05,0.0,619,541
A2C_mod,HARD,292,sales_SKU72,9.401404964902363e-05,2.3589641942541253e-07,303,101
A2C_mod,HARD,293,sales_SKU73,9.401404964902363e-05,0.0,302,540
A2C_mod,HARD,294,sales_SKU74,0.0002559094143764033,0.0,5,539
A2C_mod,HARD,295,sales_SKU75,9.401404964902363e-05,3.273244634580335e-08,301,269
A2C_mod,HARD,296,sales_SKU76,9.401404964902363e-05,1.1898298763996868e-07,332,156
A2C_mod,HARD,297,sales_SKU77,9.401404964902362e-05,4.169833491612174e-09,618,386
A2C_mod,HARD,298,sales_SKU78,9.401404964902363e-05,0.0012046841037275727,331,12
A2C_mod,HARD,299,sales_SKU79,9.401404964902365e-05,0.0,137,538
A2C_mod,HARD,300,sales_SKU80,0.00013834897473844924,0.0,9,537
A2C_mod,HARD,301,sales_SKU81,9.401404964902363e-05,4.514061243259633e-09,269,382
A2C_mod,HARD,302,sales_SKU82,9.401404964902363e-05,0.0,300,536
A2C_mod,HARD,303,sales_SKU83,9.401404964902363e-05,1.928487679617574e-08,299,311
A2C_mod,HARD,304,sales_SKU84,9.401404964902363e-05,0.0,325,535
A2C_mod,HARD,305,sales_SKU85,9.401404964902362e-05,0.0,617,534
A2C_mod,HARD,306,sales_SKU86,9.401404964902363e-05,7.888859105590374e-10,324,396
A2C_mod,HARD,307,sales_SKU87,9.401404964902363e-05,4.238270625149727e-08,323,246
A2C_mod,HARD,308,sales_SKU88,9.401404964902363e-05,0.0006609195765618332,322,50
A2C_mod,HARD,309,sales_SKU89,9.401404964902363e-05,1.5250445731501782e-07,321,130
A2C_mod,HARD,310,sales_SKU90,9.401404964902363e-05,0.0,320,533
A2C_mod,HARD,311,sales_SKU91,9.401404964902363e-05,0.0013032769667560274,319,11
A2C_mod,HARD,312,sales_SKU92,9.401404964902363e-05,1.5138991920980874e-08,318,331
A2C_mod,HARD,313,sales_SKU93,0.0002559094143764033,5.5069627571491316e-08,4,226
A2C_mod,HARD,314,sales_SKU94,9.401404964902363e-05,0.001312894771187847,310,10
A2C_mod,HARD,315,sales_SKU95,9.401404964902363e-05,8.78666097173646e-08,309,192
A2C_mod,HARD,316,sales_SKU96,9.401404964902363e-05,1.2969321275904335e-08,308,338
A2C_mod,HARD,317,sales_SKU97,9.401404964902362e-05,0.0006766649737392955,621,48
A2C_mod,HARD,318,sales_SKU98,9.401404964902362e-05,0.0,620,532
A2C_mod,HARD,319,sales_SKU99,9.401404964902363e-05,0.0,307,531
A2C_mod,HARD,320,sales_SKU100,9.401404964902365e-05,1.058323506869741e-08,128,354
A2C_mod,HARD,321,sales_SKU101,9.401404964902363e-05,0.0,335,530
A2C_mod,HARD,322,sales_SKU102,9.401404964902365e-05,4.622017628278204e-08,127,238
A2C_mod,HARD,323,sales_SKU103,9.401404964902362e-05,9.461906870744015e-08,610,184
A2C_mod,HARD,324,sales_SKU104,9.401404964902363e-05,0.0005958896353995182,334,55
A2C_mod,HARD,325,sales_SKU105,0.0003555759668497288,9.397944130440278e-08,1,185
A2C_mod,HARD,326,sales_SKU106,9.401404964902365e-05,0.0,126,524
A2C_mod,HARD,327,sales_SKU107,9.401404964902363e-05,0.0,333,523
A2C_mod,HARD,328,sales_SKU108,9.401404964902365e-05,0.0008583027091706002,135,28
A2C_mod,HARD,329,sales_SKU109,9.401404964902365e-05,8.047929774409728e-09,134,364
A2C_mod,HARD,330,sales_SKU110,9.401404964902363e-05,0.0,330,522
A2C_mod,HARD,331,sales_SKU111,9.401404964902363e-05,0.0,329,521
A2C_mod,HARD,332,sales_SKU112,0.0003483491437987649,0.0007309871685986911,2,43
A2C_mod,HARD,333,sales_SKU113,9.401404964902363e-05,0.0,328,520
A2C_mod,HARD,334,sales_SKU114,9.401404964902363e-05,2.2089795976412818e-07,327,106
A2C_mod,HARD,335,sales_SKU115,9.401404964902363e-05,0.0,326,519
A2C_mod,HARD,336,sales_SKU116,9.401404964902365e-05,0.0005849749959512971,123,56
A2C_mod,HARD,337,sales_SKU117,9.401404964902363e-05,2.4536038842297405e-08,379,296
A2C_mod,HARD,338,sales_SKU118,9.401404964902363e-05,1.5222858699357618e-08,378,330
A2C_mod,HARD,339,sales_SKU119,9.401404964902362e-05,7.40642913610123e-05,603,87
A2C_mod,HARD,340,sales_SKU120,9.401404964902362e-05,0.0,602,518
A2C_mod,HARD,341,sales_SKU121,9.401404964902362e-05,0.0,601,517
A2C_mod,HARD,342,sales_SKU122,9.401404964902363e-05,8.501976901633213e-09,377,362
A2C_mod,HARD,343,sales_SKU123,9.401404964902363e-05,6.938448338531073e-08,341,209
A2C_mod,HARD,344,sales_SKU124,9.401404964902363e-05,3.2456414850165476e-08,340,272
A2C_mod,HARD,345,sales_SKU125,9.401404964902362e-05,1.7039163754360082e-08,611,320
A2C_mod,HARD,346,sales_SKU126,9.401404964902363e-05,0.0,339,516
A2C_mod,HARD,347,sales_SKU127,9.401404964902365e-05,6.322856229367473e-08,130,215
A2C_mod,HARD,348,sales_SKU128,9.401404964902365e-05,0.0,129,515
A2C_mod,HARD,349,sales_SKU129,9.401404964902363e-05,1.0450150071840583e-10,338,410
A2C_mod,HARD,350,sales_SKU130,9.401404964902363e-05,7.283804399163141e-11,337,415
A2C_mod,HARD,351,sales_SKU131,9.401404964902363e-05,6.510292278818568e-08,336,212
A2C_mod,HARD,352,sales_SKU132,9.401404964902362e-05,6.445962735410619e-08,600,213
A2C_mod,HARD,353,sales_SKU133,9.401404964902362e-05,0.0015867977711690054,599,4
A2C_mod,HARD,354,sales_SKU134,9.401404964902363e-05,0.0009777447751468668,376,19
A2C_mod,HARD,355,sales_SKU135,9.401404964902362e-05,0.0008542231791062175,598,29
A2C_mod,HARD,356,sales_SKU136,9.401404964902363e-05,4.48414577274815e-08,375,242
A2C_mod,HARD,357,sales_SKU137,9.401404964902363e-05,2.507927465636454e-12,374,446
A2C_mod,HARD,358,sales_SKU138,9.401404964902363e-05,9.44207364078318e-09,373,359
A2C_mod,HARD,359,sales_SKU139,9.401404964902363e-05,1.9444607399409964e-07,372,115
A2C_mod,HARD,360,sales_SKU140,9.401404964902366e-05,0.0006826756118478187,33,47
A2C_mod,HARD,361,sales_SKU141,0.0002147478109438838,0.0,7,505
A2C_mod,HARD,362,sales_SKU142,9.401404964902362e-05,2.7526112301322616e-11,597,433
A2C_mod,HARD,363,sales_SKU143,0.00019965184420928672,2.0246351043576314e-07,8,113
A2C_mod,HARD,364,sales_SKU144,9.401404964902366e-05,1.5732642499242937e-07,44,127
A2C_mod,HARD,365,sales_SKU145,9.401404964902365e-05,0.0,122,504
A2C_mod,HARD,366,sales_SKU146,9.401404964902362e-05,0.0009487514541257216,596,22
A2C_mod,HARD,367,sales_SKU147,9.401404964902363e-05,0.0,371,503
A2C_mod,HARD,368,sales_SKU148,9.401404964902363e-05,0.0,365,502
A2C_mod,HARD,369,sales_SKU149,9.401404964902366e-05,4.029361847457707e-11,36,430
A2C_mod,HARD,370,sales_SKU150,9.401404964902363e-05,1.0435378181590715e-08,396,355
A2C_mod,HARD,371,sales_SKU151,9.401404964902366e-05,4.479153407761907e-08,35,243
A2C_mod,HARD,372,sales_SKU152,9.401404964902363e-05,0.0011090661385375479,395,17
A2C_mod,HARD,373,sales_SKU153,9.401404964902366e-05,0.0,34,501
A2C_mod,HARD,374,sales_SKU154,9.401404964902362e-05,6.08294564175411e-11,593,418
A2C_mod,HARD,375,sales_SKU155,9.401404964902363e-05,0.0003669931510801412,394,69
A2C_mod,HARD,376,sales_SKU156,9.401404964902365e-05,0.0,121,500
A2C_mod,HARD,377,sales_SKU157,9.401404964902365e-05,0.0,120,499
A2C_mod,HARD,378,sales_SKU158,9.401404964902363e-05,0.0,393,498
A2C_mod,HARD,379,sales_SKU159,9.401404964902363e-05,5.669353129959236e-11,382,422
A2C_mod,HARD,380,sales_SKU160,9.401404964902365e-05,0.0,119,497
A2C_mod,HARD,381,sales_SKU161,9.401404964902363e-05,0.0,381,496
A2C_mod,HARD,382,sales_SKU162,9.401404964902363e-05,3.2637844758549246e-08,412,270
A2C_mod,HARD,383,sales_SKU163,9.401404964902362e-05,2.949161063630633e-07,586,96
A2C_mod,HARD,384,sales_SKU164,9.401404964902363e-05,0.0,409,495
A2C_mod,HARD,385,sales_SKU165,9.401404964902365e-05,1.860974273850104e-07,117,119
A2C_mod,HARD,386,sales_SKU166,9.401404964902363e-05,3.298625229900475e-08,408,268
A2C_mod,HARD,387,sales_SKU167,9.401404964902363e-05,0.0,407,487
A2C_mod,HARD,388,sales_SKU168,9.401404964902362e-05,0.0,584,486
A2C_mod,HARD,389,sales_SKU169,9.401404964902362e-05,0.0,583,485
A2C_mod,HARD,390,sales_SKU170,9.401404964902363e-05,2.7476995074891996e-08,406,285
A2C_mod,HARD,391,sales_SKU171,9.401404964902363e-05,1.901259131718969e-07,405,118
A2C_mod,HARD,392,sales_SKU172,9.401404964902363e-05,3.263561969144436e-08,404,271
A2C_mod,HARD,393,sales_SKU173,9.401404964902363e-05,1.5495699521752858e-07,403,128
A2C_mod,HARD,394,sales_SKU174,9.401404964902363e-05,0.0011571300684592156,402,15
A2C_mod,HARD,395,sales_SKU175,9.401404964902363e-05,0.0011881847354886037,401,13
A2C_mod,HARD,396,sales_SKU176,9.401404964902362e-05,1.2297028766224326e-07,594,151
A2C_mod,HARD,397,sales_SKU177,9.401404964902363e-05,0.0,367,484
A2C_mod,HARD,398,sales_SKU178,9.401404964902366e-05,9.26932204007743e-09,38,360
A2C_mod,HARD,399,sales_SKU179,9.401404964902363e-05,2.0147656332457274e-08,366,308
A2C_mod,HARD,400,sales_SKU180,9.401404964902363e-05,0.0009165155104925115,428,24
A2C_mod,HARD,401,sales_SKU181,9.401404964902362e-05,1.0056391994162256e-07,582,179
A2C_mod,HARD,402,sales_SKU182,9.401404964902362e-05,0.0,581,483
A2C_mod,HARD,403,sales_SKU183,9.401404964902363e-05,0.0,427,474
A2C_mod,HARD,404,sales_SKU184,9.401404964902365e-05,0.00013218638043905627,114,82
A2C_mod,HARD,405,sales_SKU185,9.401404964902363e-05,0.0,426,473
A2C_mod,HARD,406,sales_SKU186,9.401404964902363e-05,0.0007939915983130996,425,37
A2C_mod,HARD,407,sales_SKU187,9.401404964902363e-05,1.9800988443211067e-07,424,114
A2C_mod,HARD,408,sales_SKU188,9.401404964902366e-05,0.0,39,472
A2C_mod,HARD,409,sales_SKU189,9.401404964902363e-05,0.0005202162297718288,423,59
A2C_mod,HARD,410,sales_SKU190,9.401404964902366e-05,0.0008480204757759644,37,30
A2C_mod,HARD,411,sales_SKU191,9.401404964902363e-05,0.0,422,471
A2C_mod,HARD,412,sales_SKU192,9.401404964902362e-05,0.0,585,470
A2C_mod,HARD,413,sales_SKU193,9.401404964902365e-05,0.0,118,469
A2C_mod,HARD,414,sales_SKU194,9.401404964902363e-05,0.0014093690932701513,411,6
A2C_mod,HARD,415,sales_SKU195,9.401404964902363e-05,7.532988736973304e-09,410,368
A2C_mod,HARD,416,sales_SKU196,9.401404964902363e-05,0.0008389882067836291,415,32
A2C_mod,HARD,417,sales_SKU197,9.401404964902363e-05,0.0,414,468
A2C_mod,HARD,418,sales_SKU198,9.401404964902366e-05,8.451543264150614e-08,42,195
A2C_mod,HARD,419,sales_SKU199,9.401404964902363e-05,4.746140622771765e-09,413,379
A2C_mod,HARD,420,sales_SKU200,9.401404964902363e-05,0.00025813582812641336,444,75
A2C_mod,HARD,421,sales_SKU201,9.401404964902363e-05,0.0002286218333507671,443,77
A2C_mod,HARD,422,sales_SKU202,9.401404964902363e-05,0.0,442,467
A2C_mod,HARD,423,sales_SKU203,9.401404964902363e-05,1.0151698490112575e-07,441,176
A2C_mod,HARD,424,sales_SKU204,9.401404964902363e-05,2.326702252863888e-08,440,298
A2C_mod,HARD,425,sales_SKU205,9.401404964902365e-05,0.0,116,466
A2C_mod,HARD,426,sales_SKU206,9.401404964902363e-05,1.4201091809756167e-08,400,335
A2C_mod,HARD,427,sales_SKU207,9.401404964902366e-05,0.001375038954671532,40,7
A2C_mod,HARD,428,sales_SKU208,9.401404964902363e-05,1.9777017027823717e-08,399,310
A2C_mod,HARD,429,sales_SKU209,9.401404964902365e-05,0.0,115,465
A2C_mod,HARD,430,sales_SKU210,9.401404964902363e-05,3.2307404472640106e-08,398,273
A2C_mod,HARD,431,sales_SKU211,9.401404964902363e-05,0.0007928100116020877,397,38
A2C_mod,HARD,432,sales_SKU212,9.401404964902369e-05,0.000494049103019178,11,61
A2C_mod,HARD,433,sales_SKU213,9.401404964902362e-05,0.0,576,464
A2C_mod,HARD,434,sales_SKU214,9.401404964902363e-05,0.0,432,463
A2C_mod,HARD,435,sales_SKU215,9.401404964902362e-05,2.0408597113717804e-07,575,112
A2C_mod,HARD,436,sales_SKU216,9.401404964902366e-05,0.0002524581470625788,21,76
A2C_mod,HARD,437,sales_SKU217,9.401404964902362e-05,3.8333801801385584e-08,574,252
A2C_mod,HARD,438,sales_SKU218,9.401404964902363e-05,2.7818426762471486e-08,431,284
A2C_mod,HARD,439,sales_SKU219,9.401404964902363e-05,0.0022152905136644976,421,1
A2C_mod,HARD,440,waste_feat_SKU0,9.401404964902363e-05,1.218564781960542e-07,420,153
A2C_mod,HARD,441,waste_feat_SKU1,9.401404964902362e-05,1.2427067291653286e-07,580,149
A2C_mod,HARD,442,waste_feat_SKU2,9.401404964902365e-05,0.0,113,462
A2C_mod,HARD,443,waste_feat_SKU3,9.401404964902363e-05,1.0337314968859399e-08,419,357
A2C_mod,HARD,444,waste_feat_SKU4,9.401404964902363e-05,0.0,418,461
A2C_mod,HARD,445,waste_feat_SKU5,9.401404964902366e-05,0.0,22,460
A2C_mod,HARD,446,waste_feat_SKU6,9.401404964902363e-05,1.0586388944636772e-07,417,171
A2C_mod,HARD,447,waste_feat_SKU7,9.401404964902363e-05,9.52365504449358e-08,416,183
A2C_mod,HARD,448,waste_feat_SKU8,9.401404964902363e-05,0.0,485,459
A2C_mod,HARD,449,waste_feat_SKU9,9.401404964902363e-05,7.142318594309968e-08,484,207
A2C_mod,HARD,450,waste_feat_SKU10,9.401404964902363e-05,0.0,483,458
A2C_mod,HARD,451,waste_feat_SKU11,9.401404964902366e-05,0.0,19,482
A2C_mod,HARD,452,waste_feat_SKU12,9.401404964902366e-05,0.0,41,481
A2C_mod,HARD,453,waste_feat_SKU13,9.401404964902363e-05,0.0007545525487968706,439,40
A2C_mod,HARD,454,waste_feat_SKU14,9.401404964902363e-05,0.0,438,480
A2C_mod,HARD,455,waste_feat_SKU15,9.401404964902363e-05,0.0,437,479
A2C_mod,HARD,456,waste_feat_SKU16,9.401404964902365e-05,1.1849100609574108e-07,112,157
A2C_mod,HARD,457,waste_feat_SKU17,9.401404964902362e-05,2.711316712496161e-07,579,98
A2C_mod,HARD,458,waste_feat_SKU18,9.401404964902362e-05,4.567467358674984e-11,578,428
A2C_mod,HARD,459,waste_feat_SKU19,9.401404964902363e-05,1.4856241080676694e-07,436,134
A2C_mod,HARD,460,waste_feat_SKU20,9.401404964902363e-05,0.0,435,478
A2C_mod,HARD,461,waste_feat_SKU21,9.401404964902363e-05,0.0,434,477
A2C_mod,HARD,462,waste_feat_SKU22,9.401404964902362e-05,1.5346035587914962e-07,577,129
A2C_mod,HARD,463,waste_feat_SKU23,9.401404964902363e-05,0.0,433,476
A2C_mod,HARD,464,waste_feat_SKU24,9.401404964902363e-05,6.392019413019938e-10,500,399
A2C_mod,HARD,465,waste_feat_SKU25,9.401404964902363e-05,0.0,499,475
A2C_mod,HARD,466,waste_feat_SKU26,9.401404964902365e-05,1.2795319246239874e-07,110,145
A2C_mod,HARD,467,waste_feat_SKU27,9.401404964902363e-05,0.0,445,494
A2C_mod,HARD,468,waste_feat_SKU28,9.401404964902366e-05,8.386295313948502e-08,20,196
A2C_mod,HARD,469,waste_feat_SKU29,9.401404964902363e-05,1.5885705648066462e-08,476,328
A2C_mod,HARD,470,waste_feat_SKU30,9.401404964902363e-05,1.9402071473569183e-07,475,116
A2C_mod,HARD,471,waste_feat_SKU31,9.401404964902363e-05,0.0,474,493
A2C_mod,HARD,472,waste_feat_SKU32,9.401404964902362e-05,0.0010576113178342116,556,18
A2C_mod,HARD,473,waste_feat_SKU33,9.401404964902363e-05,0.0,492,492
A2C_mod,HARD,474,waste_feat_SKU34,9.401404964902363e-05,8.735789448838998e-11,491,412
A2C_mod,HARD,475,waste_feat_SKU35,9.401404964902363e-05,4.832524719159722e-11,490,425
A2C_mod,HARD,476,waste_feat_SKU36,9.401404964902363e-05,0.0,489,491
A2C_mod,HARD,477,waste_feat_SKU37,9.401404964902363e-05,4.434667714817761e-08,488,244
A2C_mod,HARD,478,waste_feat_SKU38,9.401404964902363e-05,0.0,487,490
A2C_mod,HARD,479,waste_feat_SKU39,9.401404964902363e-05,0.0,486,489
A2C_mod,HARD,480,waste_feat_SKU40,9.401404964902363e-05,0.0,466,488
A2C_mod,HARD,481,waste_feat_SKU41,9.401404964902363e-05,1.2037672395110507e-07,498,155
A2C_mod,HARD,482,waste_feat_SKU42,9.401404964902363e-05,1.9007784942732197e-08,497,313
A2C_mod,HARD,483,waste_feat_SKU43,9.401404964902363e-05,0.0,496,514
A2C_mod,HARD,484,waste_feat_SKU44,9.401404964902363e-05,0.0,495,513
A2C_mod,HARD,485,waste_feat_SKU45,9.401404964902363e-05,7.191878400465585e-09,494,370
A2C_mod,HARD,486,waste_feat_SKU46,9.401404964902363e-05,0.0,493,512
A2C_mod,HARD,487,waste_feat_SKU47,9.401404964902363e-05,5.404207622083522e-08,524,227
A2C_mod,HARD,488,waste_feat_SKU48,9.401404964902363e-05,0.0,523,511
A2C_mod,HARD,489,waste_feat_SKU49,9.401404964902362e-05,1.3735046190058904e-07,555,140
A2C_mod,HARD,490,waste_feat_SKU50,9.401404964902363e-05,0.0,522,510
A2C_mod,HARD,491,waste_feat_SKU51,9.401404964902363e-05,0.0,521,509
A2C_mod,HARD,492,waste_feat_SKU52,9.401404964902366e-05,0.0,17,508
A2C_mod,HARD,493,waste_feat_SKU53,9.401404964902363e-05,0.0,520,507
A2C_mod,HARD,494,waste_feat_SKU54,9.401404964902363e-05,6.030851246712173e-11,519,419
A2C_mod,HARD,495,waste_feat_SKU55,9.401404964902365e-05,0.0,109,506
A2C_mod,HARD,496,waste_feat_SKU56,9.401404964902365e-05,1.6130389649241407e-07,108,125
A2C_mod,HARD,497,waste_feat_SKU57,9.401404964902363e-05,5.8758770329897465e-08,516,218
A2C_mod,HARD,498,waste_feat_SKU58,9.401404964902363e-05,0.001639600038259816,515,2
A2C_mod,HARD,499,waste_feat_SKU59,9.401404964902363e-05,0.0,514,529
A2C_mod,HARD,500,waste_feat_SKU60,9.401404964902366e-05,7.415210393990331e-08,30,206
A2C_mod,HARD,501,waste_feat_SKU61,9.401404964902366e-05,1.1241314737566603e-07,18,162
A2C_mod,HARD,502,waste_feat_SKU62,9.401404964902362e-05,0.0,552,528
A2C_mod,HARD,503,waste_feat_SKU63,9.401404964902363e-05,8.002054328690108e-08,473,201
A2C_mod,HARD,504,waste_feat_SKU64,9.401404964902363e-05,0.0,472,527
A2C_mod,HARD,505,waste_feat_SKU65,9.401404964902363e-05,0.0002912995333422471,471,73
A2C_mod,HARD,506,waste_feat_SKU66,9.401404964902363e-05,0.0,470,526
A2C_mod,HARD,507,waste_feat_SKU67,9.401404964902362e-05,3.0691250794290604e-07,559,92
A2C_mod,HARD,508,waste_feat_SKU68,9.401404964902369e-05,4.685822627853685e-09,12,380
A2C_mod,HARD,509,waste_feat_SKU69,9.401404964902363e-05,8.213988628955155e-08,469,199
A2C_mod,HARD,510,waste_feat_SKU70,9.401404964902363e-05,2.995241937603214e-08,468,280
A2C_mod,HARD,511,waste_feat_SKU71,9.401404964902363e-05,0.0008463702248908059,467,31
A2C_mod,HARD,512,waste_feat_SKU72,9.401404964902362e-05,0.0,558,525
A2C_mod,HARD,513,waste_feat_SKU73,9.401404964902362e-05,1.774809338668625e-08,557,318
A2C_mod,HARD,514,waste_feat_SKU74,9.401404964902363e-05,1.938372930705215e-11,463,436
A2C_mod,HARD,515,waste_feat_SKU75,9.401404964902363e-05,7.560048117572806e-08,462,205
A2C_mod,HARD,516,waste_feat_SKU76,9.401404964902363e-05,1.9827898628133767e-08,461,309
A2C_mod,HARD,517,waste_feat_SKU77,9.401404964902363e-05,5.358642918559346e-11,460,423
A2C_mod,HARD,518,waste_feat_SKU78,9.401404964902362e-05,0.0,572,546
A2C_mod,HARD,519,waste_feat_SKU79,9.401404964902365e-05,1.0208350866477708e-07,106,174
A2C_mod,HARD,520,waste_feat_SKU80,9.401404964902366e-05,0.0,29,545
A2C_mod,HARD,521,waste_feat_SKU81,9.401404964902362e-05,1.7632260210721523e-07,571,122
A2C_mod,HARD,522,waste_feat_SKU82,9.401404964902365e-05,0.0,105,544
A2C_mod,HARD,523,waste_feat_SKU83,9.401404964902365e-05,2.7418685475040142e-08,104,286
A2C_mod,HARD,524,waste_feat_SKU84,9.401404964902362e-05,2.9415358761356968e-08,570,282
A2C_mod,HARD,525,waste_feat_SKU85,9.401404964902363e-05,5.604205716427842e-08,459,222
A2C_mod,HARD,526,waste_feat_SKU86,9.401404964902362e-05,3.991808294838655e-08,553,250
A2C_mod,HARD,527,waste_feat_SKU87,9.401404964902363e-05,0.0,517,543
A2C_mod,HARD,528,waste_feat_SKU88,9.401404964902363e-05,0.0,457,542
A2C_mod,HARD,529,waste_feat_SKU89,9.401404964902362e-05,1.0277895199798653e-07,569,173
A2C_mod,HARD,530,waste_feat_SKU90,9.401404964902363e-05,2.5544541419663953e-08,456,293
A2C_mod,HARD,531,waste_feat_SKU91,9.401404964902362e-05,7.993789179939186e-08,568,202
A2C_mod,HARD,532,waste_feat_SKU92,9.401404964902363e-05,1.7808584533923043e-08,455,317
A2C_mod,HARD,533,waste_feat_SKU93,9.401404964902363e-05,8.329312761316522e-08,454,198
A2C_mod,HARD,534,waste_feat_SKU94,9.401404964902362e-05,1.1292767179239265e-08,567,348
A2C_mod,HARD,535,waste_feat_SKU95,9.401404964902362e-05,8.990572313365372e-08,566,188
A2C_mod,HARD,536,waste_feat_SKU96,9.401404964902362e-05,0.00018119918013225752,565,80
A2C_mod,HARD,537,waste_feat_SKU97,9.401404964902362e-05,5.538212980092694e-10,564,400
A2C_mod,HARD,538,waste_feat_SKU98,9.401404964902363e-05,0.0,392,560
A2C_mod,HARD,539,waste_feat_SKU99,9.401404964902362e-05,5.029511881825594e-08,592,231
A2C_mod,HARD,540,waste_feat_SKU100,9.401404964902363e-05,1.705205740697904e-10,391,408
A2C_mod,HARD,541,waste_feat_SKU101,9.401404964902365e-05,0.0,107,559
A2C_mod,HARD,542,waste_feat_SKU102,9.401404964902363e-05,1.4316612059735484e-08,465,334
A2C_mod,HARD,543,waste_feat_SKU103,9.401404964902363e-05,1.3459764519383026e-07,464,141
A2C_mod,HARD,544,waste_feat_SKU104,9.401404964902366e-05,8.672091280805179e-08,27,193
A2C_mod,HARD,545,waste_feat_SKU105,9.401404964902363e-05,0.0007963078110696385,359,36
A2C_mod,HARD,546,waste_feat_SKU106,9.401404964902363e-05,2.5533374538883755e-07,358,99
A2C_mod,HARD,547,waste_feat_SKU107,9.401404964902363e-05,0.0,357,576
A2C_mod,HARD,548,waste_feat_SKU108,9.401404964902363e-05,1.1335417118752252e-08,356,346
A2C_mod,HARD,549,waste_feat_SKU109,9.401404964902365e-05,1.198918320556553e-08,96,342
A2C_mod,HARD,550,waste_feat_SKU110,9.401404964902362e-05,7.049477649076358e-08,607,208
A2C_mod,HARD,551,waste_feat_SKU111,9.401404964902365e-05,2.268418670352569e-08,95,300
A2C_mod,HARD,552,waste_feat_SKU112,9.401404964902363e-05,0.0,355,575
A2C_mod,HARD,553,waste_feat_SKU113,9.401404964902363e-05,6.0323115514537e-08,354,217
A2C_mod,HARD,554,waste_feat_SKU114,9.401404964902363e-05,1.465604844641867e-07,353,135
A2C_mod,HARD,555,waste_feat_SKU115,9.401404964902365e-05,9.729332619830025e-08,94,182
A2C_mod,HARD,556,waste_feat_SKU116,9.401404964902363e-05,0.0,352,574
A2C_mod,HARD,557,waste_feat_SKU117,9.401404964902363e-05,1.0799556535449547e-07,458,169
A2C_mod,HARD,558,waste_feat_SKU118,9.401404964902365e-05,0.0,103,573
A2C_mod,HARD,559,waste_feat_SKU119,9.401404964902365e-05,1.7931302588659767e-07,102,121
A2C_mod,HARD,560,waste_feat_SKU120,9.401404964902363e-05,2.2641327487034292e-08,349,301
A2C_mod,HARD,561,waste_feat_SKU121,9.401404964902362e-05,3.2598978761684326e-07,605,91
A2C_mod,HARD,562,waste_feat_SKU122,9.401404964902363e-05,1.1154077983308263e-07,295,164
A2C_mod,HARD,563,waste_feat_SKU123,9.401404964902363e-05,2.6177855900559892e-08,294,291
A2C_mod,HARD,564,waste_feat_SKU124,9.401404964902363e-05,0.0,293,590
A2C_mod,HARD,565,waste_feat_SKU125,9.401404964902365e-05,0.0,91,589
A2C_mod,HARD,566,waste_feat_SKU126,9.401404964902362e-05,1.8041671815239325e-08,625,315
A2C_mod,HARD,567,waste_feat_SKU127,9.401404964902365e-05,0.0,90,588
A2C_mod,HARD,568,waste_feat_SKU128,9.401404964902363e-05,0.0,292,587
A2C_mod,HARD,569,waste_feat_SKU129,9.401404964902363e-05,0.0,291,586
A2C_mod,HARD,570,waste_feat_SKU130,9.401404964902363e-05,4.666459246114899e-12,290,442
A2C_mod,HARD,571,waste_feat_SKU131,9.401404964902363e-05,0.0,383,585
A2C_mod,HARD,572,waste_feat_SKU132,9.401404964902362e-05,0.0,609,584
A2C_mod,HARD,573,waste_feat_SKU133,9.401404964902365e-05,2.2516099503570357e-07,97,104
A2C_mod,HARD,574,waste_feat_SKU134,9.401404964902366e-05,0.0009510320165003199,28,21
A2C_mod,HARD,575,waste_feat_SKU135,9.401404964902362e-05,2.4605844646817376e-08,608,295
A2C_mod,HARD,576,waste_feat_SKU136,9.401404964902363e-05,0.00036163368630324984,285,70
A2C_mod,HARD,577,waste_feat_SKU137,9.401404964902363e-05,0.0,316,583
A2C_mod,HARD,578,waste_feat_SKU138,9.401404964902366e-05,0.0,31,582
A2C_mod,HARD,579,waste_feat_SKU139,9.401404964902363e-05,9.456492797188346e-09,232,358
A2C_mod,HARD,580,waste_feat_SKU140,9.401404964902362e-05,7.350986846438743e-11,640,414
A2C_mod,HARD,581,waste_feat_SKU141,9.401404964902363e-05,6.933458254175984e-09,231,372
A2C_mod,HARD,582,waste_feat_SKU142,9.401404964902366e-05,3.6964017732596584e-10,25,403
A2C_mod,HARD,583,waste_feat_SKU143,9.401404964902363e-05,5.984631711328451e-11,230,421
A2C_mod,HARD,584,waste_feat_SKU144,9.401404964902363e-05,1.9108598901638954e-07,229,117
A2C_mod,HARD,585,waste_feat_SKU145,9.401404964902363e-05,7.834544008526126e-10,228,397
A2C_mod,HARD,586,waste_feat_SKU146,9.401404964902366e-05,0.0009110366423027037,26,25
A2C_mod,HARD,587,waste_feat_SKU147,9.401404964902363e-05,6.432686599416349e-09,351,373
A2C_mod,HARD,588,waste_feat_SKU148,9.401404964902365e-05,5.569684202019606e-08,93,223
A2C_mod,HARD,589,waste_feat_SKU149,9.401404964902362e-05,1.5110587875643273e-07,606,132
A2C_mod,HARD,590,waste_feat_SKU150,9.401404964902363e-05,0.0,350,609
A2C_mod,HARD,591,waste_feat_SKU151,9.401404964902365e-05,0.0,92,608
A2C_mod,HARD,592,waste_feat_SKU152,9.401404964902363e-05,6.516080614082971e-11,250,417
A2C_mod,HARD,593,waste_feat_SKU153,9.401404964902363e-05,2.768487511693651e-09,539,392
A2C_mod,HARD,594,waste_feat_SKU154,9.401404964902363e-05,4.407840089553639e-09,538,383
A2C_mod,HARD,595,waste_feat_SKU155,9.401404964902365e-05,0.0,87,625
A2C_mod,HARD,596,waste_feat_SKU156,9.401404964902363e-05,9.479096601398516e-12,537,437
A2C_mod,HARD,597,waste_feat_SKU157,9.401404964902365e-05,4.770953710998927e-09,86,378
A2C_mod,HARD,598,waste_feat_SKU158,9.401404964902362e-05,0.0,624,624
A2C_mod,HARD,599,waste_feat_SKU159,9.401404964902363e-05,3.946607308582671e-08,289,251
A2C_mod,HARD,600,waste_feat_SKU160,9.401404964902369e-05,2.7910304537546127e-09,10,391
A2C_mod,HARD,601,waste_feat_SKU161,9.401404964902363e-05,0.0,288,623
A2C_mod,HARD,602,waste_feat_SKU162,9.401404964902362e-05,0.0,623,622
A2C_mod,HARD,603,waste_feat_SKU163,9.401404964902363e-05,0.0005208222518619011,287,58
A2C_mod,HARD,604,waste_feat_SKU164,9.401404964902366e-05,0.0,16,621
A2C_mod,HARD,605,waste_feat_SKU165,9.401404964902362e-05,0.0004268722295645497,622,64
A2C_mod,HARD,606,waste_feat_SKU166,9.401404964902365e-05,3.2830767311393424e-09,89,390
A2C_mod,HARD,607,waste_feat_SKU167,9.401404964902363e-05,2.0438547664928206e-07,286,111
A2C_mod,HARD,608,waste_feat_SKU168,9.401404964902363e-05,1.677065400426584e-08,530,323
A2C_mod,HARD,609,waste_feat_SKU169,9.401404964902363e-05,4.7760299730152885e-12,529,441
A2C_mod,HARD,610,waste_feat_SKU170,9.401404964902362e-05,2.6236018989788502e-08,551,290
A2C_mod,HARD,611,waste_feat_SKU171,9.401404964902365e-05,0.0,88,641
A2C_mod,HARD,612,waste_feat_SKU172,9.401404964902363e-05,1.784189640540993e-08,227,316
A2C_mod,HARD,613,waste_feat_SKU173,9.401404964902363e-05,3.1943555462861014e-08,226,276
A2C_mod,HARD,614,waste_feat_SKU174,9.401404964902366e-05,1.1300526036487075e-08,32,347
A2C_mod,HARD,615,waste_feat_SKU175,9.401404964902363e-05,5.548340770425996e-08,225,225
A2C_mod,HARD,616,waste_feat_SKU176,9.401404964902366e-05,0.0,23,640
A2C_mod,HARD,617,waste_feat_SKU177,9.401404964902363e-05,4.779909711216901e-08,224,234
A2C_mod,HARD,618,waste_feat_SKU178,9.401404964902363e-05,2.3202843804674798e-07,223,103
A2C_mod,HARD,619,waste_feat_SKU179,9.401404964902363e-05,1.0882408690245455e-07,222,166
A2C_mod,HARD,620,waste_feat_SKU180,9.401404964902363e-05,1.235560454430465e-07,221,150
A2C_mod,HARD,621,waste_feat_SKU181,9.401404964902366e-05,0.0,15,639
A2C_mod,HARD,622,waste_feat_SKU182,9.401404964902363e-05,2.2283005064147868e-07,252,105
A2C_mod,HARD,623,waste_feat_SKU183,9.401404964902363e-05,3.017616397676478e-07,251,94
A2C_mod,HARD,624,waste_feat_SKU184,9.401404964902363e-05,1.63622471779523e-07,171,124
A2C_mod,HARD,625,waste_feat_SKU185,9.401404964902363e-05,7.102160977701307e-09,170,371
A2C_mod,HARD,626,waste_feat_SKU186,9.401404964902363e-05,4.332630650734027e-09,169,384
A2C_mod,HARD,627,waste_feat_SKU187,9.401404964902363e-05,1.0855119268197881e-07,536,168
A2C_mod,HARD,628,waste_feat_SKU188,9.401404964902362e-05,2.1713843411642426e-07,653,108
A2C_mod,HARD,629,waste_feat_SKU189,9.401404964902362e-05,5.815550230735716e-08,652,220
A2C_mod,HARD,630,waste_feat_SKU190,9.401404964902363e-05,0.0,535,651
A2C_mod,HARD,631,waste_feat_SKU191,9.401404964902363e-05,3.1057316798538266e-08,534,279
A2C_mod,HARD,632,waste_feat_SKU192,9.401404964902362e-05,5.3413314508446235e-08,651,229
A2C_mod,HARD,633,waste_feat_SKU193,9.401404964902363e-05,4.321619425047791e-08,533,245
A2C_mod,HARD,634,waste_feat_SKU194,9.401404964902362e-05,0.0,650,650
A2C_mod,HARD,635,waste_feat_SKU195,9.401404964902363e-05,2.4096576393245418e-11,532,435
A2C_mod,HARD,636,waste_feat_SKU196,9.401404964902363e-05,7.351601032414682e-10,531,398
A2C_mod,HARD,637,waste_feat_SKU197,9.401404964902365e-05,0.0,85,649
A2C_mod,HARD,638,waste_feat_SKU198,9.401404964902365e-05,1.1464941698063887e-09,84,395
A2C_mod,HARD,639,waste_feat_SKU199,9.401404964902362e-05,0.0,649,648
A2C_mod,HARD,640,waste_feat_SKU200,9.401404964902363e-05,6.700700246169784e-08,182,210
A2C_mod,HARD,641,waste_feat_SKU201,9.401404964902363e-05,0.0,181,647
A2C_mod,HARD,642,waste_feat_SKU202,9.401404964902366e-05,4.539475700391155e-09,72,381
A2C_mod,HARD,643,waste_feat_SKU203,9.401404964902363e-05,0.0008266395987480407,180,33
A2C_mod,HARD,644,waste_feat_SKU204,9.401404964902366e-05,1.577202642484917e-07,73,126
A2C_mod,HARD,645,waste_feat_SKU205,9.401404964902363e-05,4.5451429019977685e-11,179,429
A2C_mod,HARD,646,waste_feat_SKU206,9.401404964902363e-05,0.0,178,452
A2C_mod,HARD,647,waste_feat_SKU207,9.401404964902363e-05,1.0409751848330681e-08,177,356
A2C_mod,HARD,648,waste_feat_SKU208,9.401404964902366e-05,4.762340843578734e-11,74,426
A2C_mod,HARD,649,waste_feat_SKU209,9.401404964902366e-05,9.932473408331731e-08,75,180
A2C_mod,HARD,650,waste_feat_SKU210,9.401404964902363e-05,7.924776232387361e-09,176,365
A2C_mod,HARD,651,waste_feat_SKU211,9.401404964902366e-05,3.5732185520939505e-08,76,259
A2C_mod,HARD,652,waste_feat_SKU212,9.401404964902362e-05,0.0,658,451
A2C_mod,HARD,653,waste_feat_SKU213,9.401404964902363e-05,1.342201463964064e-07,544,142
A2C_mod,HARD,654,waste_feat_SKU214,9.401404964902363e-05,6.380128154635024e-08,547,214
A2C_mod,HARD,655,waste_feat_SKU215,9.401404964902365e-05,8.664130000092035e-12,77,439
A2C_mod,HARD,656,waste_feat_SKU216,9.401404964902365e-05,0.00040682168577811667,80,68
A2C_mod,HARD,657,waste_feat_SKU217,9.401404964902363e-05,4.944636754635023e-11,545,424
A2C_mod,HARD,658,waste_feat_SKU218,9.401404964902362e-05,1.1420039609735836e-08,548,345
A2C_mod,HARD,659,waste_feat_SKU219,9.401404964902363e-05,1.9169163363205015e-08,546,312
